Country,Country Group,Region,Population,Note,Year,Romanization,Index,Name Group,Gender,Localized Name,Romanized Name
AL,1,,,,2019,N,1,N-AL-1-F-1,F,Amelia,Amelia
AL,1,,,,2019,N,2,N-AL-1-F-2,F,Ajla,Ajla
AL,1,,,,2019,N,3,N-AL-1-F-3,F,Aria,Aria
AL,1,,,,2019,N,4,N-AL-1-F-4,F,Amelja,Amelja
AL,1,,,,2019,N,5,N-AL-1-F-5,F,Leandra,Leandra
AL,1,,,,2019,N,6,N-AL-1-F-6,F,Ambra,Ambra
AL,1,,,,2019,N,7,N-AL-1-F-7,F,Klea,Klea
AL,1,,,,2019,N,8,N-AL-1-F-8,F,Melisa,Melisa
AL,1,,,,2019,N,9,N-AL-1-F-9,F,Amaris,Amaris
AL,1,,,,2019,N,10,N-AL-1-F-10,F,Reina,Reina
AL,1,,,,2019,N,1,N-AL-1-M-1,M,Noel,Noel
AL,1,,,,2019,N,2,N-AL-1-M-2,M,Aron,Aron
AL,1,,,,2019,N,3,N-AL-1-M-3,M,Joel,Joel
AL,1,,,,2019,N,4,N-AL-1-M-4,M,Roan,Roan
AL,1,,,,2019,N,5,N-AL-1-M-5,M,Amar,Amar
AL,1,,,,2019,N,6,N-AL-1-M-6,M,Mateo,Mateo
AL,1,,,,2019,N,7,N-AL-1-M-7,M,Alteo,Alteo
AL,1,,,,2019,N,8,N-AL-1-M-8,M,Roel,Roel
AL,1,,,,2019,N,9,N-AL-1-M-9,M,Luis,Luis
AL,1,,,,2019,N,10,N-AL-1-M-10,M,Dion,Dion
AM,1,,General population,,2020,N,1,N-AM-1-F-1,F,Anahit,Anahit
AM,1,,General population,,2020,N,2,N-AM-1-F-2,F,Gayane,Gayane
AM,1,,General population,,2020,N,3,N-AM-1-F-3,F,Anna,Anna
AM,1,,General population,,2020,N,4,N-AM-1-F-4,F,Karine,Karine
AM,1,,General population,,2020,N,5,N-AM-1-F-5,F,Hasmik,Hasmik
AM,1,,General population,,2020,N,6,N-AM-1-F-6,F,Lusine,Lusine
AM,1,,General population,,2020,N,7,N-AM-1-F-7,F,Susanna,Susanna
AM,1,,General population,,2020,N,8,N-AM-1-F-8,F,Armine,Armine
AM,1,,General population,,2020,N,9,N-AM-1-F-9,F,Narine,Narine
AM,1,,General population,,2020,N,10,N-AM-1-F-10,F,Lilit,Lilit
AM,1,,General population,,2020,N,1,N-AM-1-M-1,M,Armen,Armen
AM,1,,General population,,2020,N,2,N-AM-1-M-2,M,Artur,Artur
AM,1,,General population,,2020,N,3,N-AM-1-M-3,M,Karen,Karen
AM,1,,General population,,2020,N,4,N-AM-1-M-4,M,Samvel,Samvel
AM,1,,General population,,2020,N,5,N-AM-1-M-5,M,Gevorg,Gevorg
AM,1,,General population,,2020,N,6,N-AM-1-M-6,M,Ashot,Ashot
AM,1,,General population,,2020,N,7,N-AM-1-M-7,M,Davit,Davit
AM,1,,General population,,2020,N,8,N-AM-1-M-8,M,Arman,Arman
AM,1,,General population,,2020,N,9,N-AM-1-M-9,M,Hovhannes,Hovhannes
AM,1,,General population,,2020,N,10,N-AM-1-M-10,M,Gagik,Gagik
AM,2,,Babies born,,2021,N,1,N-AM-2-F-1,F,Nare,Nare
AM,2,,Babies born,,2021,N,2,N-AM-2-F-2,F,Maria,Maria
AM,2,,Babies born,,2021,N,3,N-AM-2-F-3,F,Arpi,Arpi
AM,2,,Babies born,,2021,N,4,N-AM-2-F-4,F,Maneh,Maneh
AM,2,,Babies born,,2021,N,5,N-AM-2-F-5,F,Angelina,Angelina
AM,2,,Babies born,,2021,N,6,N-AM-2-F-6,F,Mari,Mari
AM,2,,Babies born,,2021,N,7,N-AM-2-F-7,F,Eva,Eva
AM,2,,Babies born,,2021,N,8,N-AM-2-F-8,F,Mariam,Mariam
AM,2,,Babies born,,2021,N,9,N-AM-2-F-9,F,Anahit,Anahit
AM,2,,Babies born,,2021,N,10,N-AM-2-F-10,F,Sofi,Sofi
AM,2,,Babies born,,2021,N,1,N-AM-2-M-1,M,Davit,Davit
AM,2,,Babies born,,2021,N,2,N-AM-2-M-2,M,Narek,Narek
AM,2,,Babies born,,2021,N,3,N-AM-2-M-3,M,Monte,Monte
AM,2,,Babies born,,2021,N,4,N-AM-2-M-4,M,Tigran,Tigran
AM,2,,Babies born,,2021,N,5,N-AM-2-M-5,M,Areg,Areg
AM,2,,Babies born,,2021,N,6,N-AM-2-M-6,M,Hayk,Hayk
AM,2,,Babies born,,2021,N,7,N-AM-2-M-7,M,Mark,Mark
AM,2,,Babies born,,2021,N,8,N-AM-2-M-8,M,Mikayel,Mikayel
AM,2,,Babies born,,2021,N,9,N-AM-2-M-9,M,Aleks,Aleks
AM,2,,Babies born,,2021,N,10,N-AM-2-M-10,M,Areni,Areni
AR,1,,,,2020,N,1,N-AR-1-F-1,F,Emma,Emma
AR,1,,,,2020,N,2,N-AR-1-F-2,F,Olivia,Olivia
AR,1,,,,2020,N,3,N-AR-1-F-3,F,Martina,Martina
AR,1,,,,2020,N,4,N-AR-1-F-4,F,Isabella,Isabella
AR,1,,,,2020,N,5,N-AR-1-F-5,F,Alma,Alma
AR,1,,,,2020,N,6,N-AR-1-F-6,F,Catalina,Catalina
AR,1,,,,2020,N,7,N-AR-1-F-7,F,Mia,Mia
AR,1,,,,2020,N,8,N-AR-1-F-8,F,Ámbar,Ámbar
AR,1,,,,2020,N,9,N-AR-1-F-9,F,Victoria,Victoria
AR,1,,,,2020,N,10,N-AR-1-F-10,F,Delfina,Delfina
AR,1,,,,2020,N,1,N-AR-1-M-1,M,Mateo,Mateo
AR,1,,,,2020,N,2,N-AR-1-M-2,M,Bautista,Bautista
AR,1,,,,2020,N,3,N-AR-1-M-3,M,Juan,Juan
AR,1,,,,2020,N,4,N-AR-1-M-4,M,Felipe,Felipe
AR,1,,,,2020,N,5,N-AR-1-M-5,M,Bruno,Bruno
AR,1,,,,2020,N,6,N-AR-1-M-6,M,Noah,Noah
AR,1,,,,2020,N,7,N-AR-1-M-7,M,Benicio,Benicio
AR,1,,,,2020,N,8,N-AR-1-M-8,M,Thiago,Thiago
AR,1,,,,2020,N,9,N-AR-1-M-9,M,Ciro,Ciro
AR,1,,,,2020,N,10,N-AR-1-M-10,M,Liam,Liam
AT,1,,,,2021,N,1,N-AT-1-F-1,F,Marie,Marie
AT,1,,,,2021,N,2,N-AT-1-F-2,F,Emilia,Emilia
AT,1,,,,2021,N,3,N-AT-1-F-3,F,Anna,Anna
AT,1,,,,2021,N,4,N-AT-1-F-4,F,Emma,Emma
AT,1,,,,2021,N,5,N-AT-1-F-5,F,Lena,Lena
AT,1,,,,2021,N,6,N-AT-1-F-6,F,Mia,Mia
AT,1,,,,2021,N,7,N-AT-1-F-7,F,Laura,Laura
AT,1,,,,2021,N,8,N-AT-1-F-8,F,Valentina,Valentina
AT,1,,,,2021,N,9,N-AT-1-F-9,F,Hannah,Hannah
AT,1,,,,2021,N,10,N-AT-1-F-10,F,Lea,Lea
AT,1,,,,2021,N,1,N-AT-1-M-1,M,Paul,Paul
AT,1,,,,2021,N,2,N-AT-1-M-2,M,Jakob,Jakob
AT,1,,,,2021,N,3,N-AT-1-M-3,M,Maximilian,Maximilian
AT,1,,,,2021,N,4,N-AT-1-M-4,M,Elias,Elias
AT,1,,,,2021,N,5,N-AT-1-M-5,M,David,David
AT,1,,,,2021,N,6,N-AT-1-M-6,M,Felix,Felix
AT,1,,,,2021,N,7,N-AT-1-M-7,M,Leon,Leon
AT,1,,,,2021,N,8,N-AT-1-M-8,M,Tobias,Tobias
AT,1,,,,2021,N,9,N-AT-1-M-9,M,Jonas,Jonas
AT,1,,,,2021,N,10,N-AT-1-M-10,M,Noah,Noah
AT,2,Vienna,,,2022,N,1,N-AT-2-F-1,F,Sophia,Sophia
AT,2,Vienna,,,2022,N,2,N-AT-2-F-2,F,Emilia,Emilia
AT,2,Vienna,,,2022,N,3,N-AT-2-F-3,F,Sara,Sara
AT,2,Vienna,,,2022,N,4,N-AT-2-F-4,F,Hannah,Hannah
AT,2,Vienna,,,2022,N,5,N-AT-2-F-5,F,Mia,Mia
AT,2,Vienna,,,2022,N,6,N-AT-2-F-6,F,Emma,Emma
AT,2,Vienna,,,2022,N,7,N-AT-2-F-7,F,Anna,Anna
AT,2,Vienna,,,2022,N,8,N-AT-2-F-8,F,Sophie,Sophie
AT,2,Vienna,,,2022,N,9,N-AT-2-F-9,F,Laura,Laura
AT,2,Vienna,,,2022,N,10,N-AT-2-F-10,F,Elena,Elena
AT,2,Vienna,,,2022,N,1,N-AT-2-M-1,M,Mateo,Mateo
AT,2,Vienna,,,2022,N,2,N-AT-2-M-2,M,Luka,Luka
AT,2,Vienna,,,2022,N,3,N-AT-2-M-3,M,Theodor,Theodor
AT,2,Vienna,,,2022,N,4,N-AT-2-M-4,M,Elias,Elias
AT,2,Vienna,,,2022,N,5,N-AT-2-M-5,M,Noah,Noah
AT,2,Vienna,,,2022,N,6,N-AT-2-M-6,M,Felix,Felix
AT,2,Vienna,,,2022,N,7,N-AT-2-M-7,M,Mohammad,Mohammad
AT,2,Vienna,,,2022,N,8,N-AT-2-M-8,M,Alexander,Alexander
AT,2,Vienna,,,2022,N,9,N-AT-2-M-9,M,Adam,Adam
AT,2,Vienna,,,2022,N,10,N-AT-2-M-10,M,David,David
AU,1,,,,2022,N,1,N-AU-1-F-1,F,Charlotte,Charlotte
AU,1,,,,2022,N,2,N-AU-1-F-2,F,Amelia,Amelia
AU,1,,,,2022,N,3,N-AU-1-F-3,F,Isla,Isla
AU,1,,,,2022,N,4,N-AU-1-F-4,F,Olivia,Olivia
AU,1,,,,2022,N,5,N-AU-1-F-5,F,Mia,Mia
AU,1,,,,2022,N,6,N-AU-1-F-6,F,Ava,Ava
AU,1,,,,2022,N,7,N-AU-1-F-7,F,Matilda,Matilda
AU,1,,,,2022,N,8,N-AU-1-F-8,F,Ella,Ella
AU,1,,,,2022,N,9,N-AU-1-F-9,F,Grace,Grace
AU,1,,,,2022,N,10,N-AU-1-F-10,F,Willow,Willow
AU,1,,,,2022,N,1,N-AU-1-M-1,M,Oliver,Oliver
AU,1,,,,2022,N,2,N-AU-1-M-2,M,Noah,Noah
AU,1,,,,2022,N,3,N-AU-1-M-3,M,Leo,Leo
AU,1,,,,2022,N,4,N-AU-1-M-4,M,William,William
AU,1,,,,2022,N,5,N-AU-1-M-5,M,Henry,Henry
AU,1,,,,2022,N,6,N-AU-1-M-6,M,Jack,Jack
AU,1,,,,2022,N,7,N-AU-1-M-7,M,Theodore,Theodore
AU,1,,,,2022,N,8,N-AU-1-M-8,M,Hudson,Hudson
AU,1,,,,2022,N,9,N-AU-1-M-9,M,Charlie,Charlie
AU,1,,,,2022,N,10,N-AU-1-M-10,M,Luca,Luca
AZ,1,,General population,,2010,N,1,N-AZ-1-M-1,M,Ali,Ali
AZ,1,,General population,,2010,N,2,N-AZ-1-M-2,M,Elchin,Elchin
AZ,1,,General population,,2010,N,3,N-AZ-1-M-3,M,Vugar,Vugar
AZ,1,,General population,,2010,N,4,N-AZ-1-M-4,M,Anar,Anar
AZ,1,,General population,,2010,N,5,N-AZ-1-M-5,M,Elnur,Elnur
AZ,1,,General population,,2010,N,6,N-AZ-1-M-6,M,Samir,Samir
AZ,1,,General population,,2010,N,7,N-AZ-1-M-7,M,Elshan,Elshan
AZ,1,,General population,,2010,N,8,N-AZ-1-M-8,M,Rashad,Rashad
AZ,1,,General population,,2010,N,9,N-AZ-1-M-9,M,Ilgar,Ilgar
AZ,1,,General population,,2010,N,10,N-AZ-1-M-10,M,Vusal,Vusal
AZ,2,,Babies born,,2022,N,1,N-AZ-2-F-1,F,Zahra,Zahra
AZ,2,,Babies born,,2022,N,2,N-AZ-2-F-2,F,Aylin,Aylin
AZ,2,,Babies born,,2022,N,3,N-AZ-2-F-3,F,Zeynab,Zeynab
AZ,2,,Babies born,,2022,N,4,N-AZ-2-F-4,F,Maryam,Maryam
AZ,2,,Babies born,,2022,N,5,N-AZ-2-F-5,F,Fatima,Fatima
AZ,2,,Babies born,,2022,N,6,N-AZ-2-F-6,F,Nilay,Nilay
AZ,2,,Babies born,,2022,N,7,N-AZ-2-F-7,F,Malak,Malak
AZ,2,,Babies born,,2022,N,8,N-AZ-2-F-8,F,Ayla,Ayla
AZ,2,,Babies born,,2022,N,9,N-AZ-2-F-9,F,İnci,İnci
AZ,2,,Babies born,,2022,N,10,N-AZ-2-F-10,F,Nuray,Nuray
AZ,2,,Babies born,,2022,N,1,N-AZ-2-M-1,M,Ali,Ali
AZ,2,,Babies born,,2022,N,2,N-AZ-2-M-2,M,Huseyn,Huseyn
AZ,2,,Babies born,,2022,N,3,N-AZ-2-M-3,M,Yusif,Yusif
AZ,2,,Babies born,,2022,N,4,N-AZ-2-M-4,M,Mahammad,Mahammad
AZ,2,,Babies born,,2022,N,5,N-AZ-2-M-5,M,Raul,Raul
AZ,2,,Babies born,,2022,N,6,N-AZ-2-M-6,M,Omar,Omar
AZ,2,,Babies born,,2022,N,7,N-AZ-2-M-7,M,Murad,Murad
AZ,2,,Babies born,,2022,N,8,N-AZ-2-M-8,M,Adam,Adam
AZ,2,,Babies born,,2022,N,9,N-AZ-2-M-9,M,Tunar,Tunar
AZ,1,,General population,,,N,1,N-AZ-1-F-1,F,Sevinj,Sevinj
AZ,1,,General population,,,N,2,N-AZ-1-F-2,F,Gunel,Gunel
AZ,1,,General population,,,N,3,N-AZ-1-F-3,F,Leyla,Leyla
AZ,1,,General population,,,N,4,N-AZ-1-F-4,F,Aygun,Aygun
AZ,1,,General population,,,N,5,N-AZ-1-F-5,F,Gunay,Gunay
AZ,1,,General population,,,N,6,N-AZ-1-F-6,F,Sevda,Sevda
AZ,1,,General population,,,N,7,N-AZ-1-F-7,F,Vusala,Vusala
AZ,1,,General population,,,N,8,N-AZ-1-F-8,F,Konul,Konul
AZ,1,,General population,,,N,9,N-AZ-1-F-9,F,Aysel,Aysel
AZ,1,,General population,,,N,10,N-AZ-1-F-10,F,Tarana,Tarana
BA,1,,,,2021,N,1,N-BA-1-F-1,F,Sara,Sara
BA,1,,,,2021,N,2,N-BA-1-F-2,F,Merjem,Merjem
BA,1,,,,2021,N,3,N-BA-1-F-3,F,Asja,Asja
BA,1,,,,2021,N,4,N-BA-1-F-4,F,Esma,Esma
BA,1,,,,2021,N,5,N-BA-1-F-5,F,Amina,Amina
BA,1,,,,2021,N,6,N-BA-1-F-6,F,Ema,Ema
BA,1,,,,2021,N,7,N-BA-1-F-7,F,Hana,Hana
BA,1,,,,2021,N,8,N-BA-1-F-8,F,Lejla,Lejla
BA,1,,,,2021,N,9,N-BA-1-F-9,F,Lamija,Lamija
BA,1,,,,2021,N,10,N-BA-1-F-10,F,Dalila,Dalila
BA,1,,,,2021,N,1,N-BA-1-M-1,M,Davud,Davud
BA,1,,,,2021,N,2,N-BA-1-M-2,M,Ahmed,Ahmed
BA,1,,,,2021,N,3,N-BA-1-M-3,M,Hamza,Hamza
BA,1,,,,2021,N,4,N-BA-1-M-4,M,Amar,Amar
BA,1,,,,2021,N,5,N-BA-1-M-5,M,Adin,Adin
BA,1,,,,2021,N,6,N-BA-1-M-6,M,Džan,Džan
BA,1,,,,2021,N,7,N-BA-1-M-7,M,Daris,Daris
BA,1,,,,2021,N,8,N-BA-1-M-8,M,Eman,Eman
BA,1,,,,2021,N,9,N-BA-1-M-9,M,Harun,Harun
BA,1,,,,2021,N,10,N-BA-1-M-10,M,Ali,Ali
BD,1,,,,2022,N,1,N-BD-1-M-1,M,Mohammed,Mohammed
BD,1,,,,2022,N,2,N-BD-1-M-2,M,Mohammad,Mohammad
BD,1,,,,2022,N,3,N-BD-1-M-3,M,Abdul,Abdul
BD,1,,,,2022,N,4,N-BD-1-M-4,M,Muhammad,Muhammad
BD,1,,,,2022,N,5,N-BD-1-M-5,M,Abdullah,Abdullah
BD,1,,,,2022,N,6,N-BD-1-M-6,M,Ahmed,Ahmed
BD,1,,,,2022,N,7,N-BD-1-M-7,M,Syed,Syed
BD,1,,,,2022,N,8,N-BD-1-M-8,M,Kazi,Kazi
BD,1,,,,2022,N,9,N-BD-1-M-9,M,Sheikh,Sheikh
BD,1,,,,2022,N,10,N-BD-1-M-10,M,Hasan,Hasan
BE,1,,,,2021,N,1,N-BE-1-F-1,F,Olivia,Olivia
BE,1,,,,2021,N,2,N-BE-1-F-2,F,Emma,Emma
BE,1,,,,2021,N,3,N-BE-1-F-3,F,Louise,Louise
BE,1,,,,2021,N,4,N-BE-1-F-4,F,Mila,Mila
BE,1,,,,2021,N,5,N-BE-1-F-5,F,Alice,Alice
BE,1,,,,2021,N,6,N-BE-1-F-6,F,Camille,Camille
BE,1,,,,2021,N,7,N-BE-1-F-7,F,Lina,Lina
BE,1,,,,2021,N,8,N-BE-1-F-8,F,Sofia,Sofia
BE,1,,,,2021,N,9,N-BE-1-F-9,F,Ella,Ella
BE,1,,,,2021,N,10,N-BE-1-F-10,F,Juliette,Juliette
BE,1,,,,2021,N,1,N-BE-1-M-1,M,Arthur,Arthur
BE,1,,,,2021,N,2,N-BE-1-M-2,M,Noah,Noah
BE,1,,,,2021,N,3,N-BE-1-M-3,M,Louis,Louis
BE,1,,,,2021,N,4,N-BE-1-M-4,M,Liam,Liam
BE,1,,,,2021,N,5,N-BE-1-M-5,M,Jules,Jules
BE,1,,,,2021,N,6,N-BE-1-M-6,M,Adam,Adam
BE,1,,,,2021,N,7,N-BE-1-M-7,M,Lucas,Lucas
BE,1,,,,2021,N,8,N-BE-1-M-8,M,Gabriel,Gabriel
BE,1,,,,2021,N,9,N-BE-1-M-9,M,Victor,Victor
BE,1,,,,2021,N,10,N-BE-1-M-10,M,Oscar,Oscar
BR,1,,,Census,2010,N,1,N-BR-1-F-1,F,Maria,Maria
BR,1,,,Census,2010,N,2,N-BR-1-F-2,F,Ana,Ana
BR,1,,,Census,2010,N,3,N-BR-1-F-3,F,Francisca,Francisca
BR,1,,,Census,2010,N,4,N-BR-1-F-4,F,Antônia,Antônia
BR,1,,,Census,2010,N,5,N-BR-1-F-5,F,Adriana,Adriana
BR,1,,,Census,2010,N,6,N-BR-1-F-6,F,Juliana,Juliana
BR,1,,,Census,2010,N,7,N-BR-1-F-7,F,Marcia,Marcia
BR,1,,,Census,2010,N,8,N-BR-1-F-8,F,Fernanda,Fernanda
BR,1,,,Census,2010,N,9,N-BR-1-F-9,F,Patrícia,Patrícia
BR,1,,,Census,2010,N,10,N-BR-1-F-10,F,Aline,Aline
BR,1,,,Census,2010,N,1,N-BR-1-M-1,M,José,José
BR,1,,,Census,2010,N,2,N-BR-1-M-2,M,João,João
BR,1,,,Census,2010,N,3,N-BR-1-M-3,M,Antônio,Antônio
BR,1,,,Census,2010,N,4,N-BR-1-M-4,M,Francisco,Francisco
BR,1,,,Census,2010,N,5,N-BR-1-M-5,M,Carlos,Carlos
BR,1,,,Census,2010,N,6,N-BR-1-M-6,M,Paulo,Paulo
BR,1,,,Census,2010,N,7,N-BR-1-M-7,M,Pedro,Pedro
BR,1,,,Census,2010,N,8,N-BR-1-M-8,M,Lucas,Lucas
BR,1,,,Census,2010,N,9,N-BR-1-M-9,M,Luiz,Luiz
BR,1,,,Census,2010,N,10,N-BR-1-M-10,M,Marcos,Marcos
BR,2,,,,2022,N,1,N-BR-2-F-1,F,Helena,Helena
BR,2,,,,2022,N,2,N-BR-2-F-2,F,Alice,Alice
BR,2,,,,2022,N,3,N-BR-2-F-3,F,Laura,Laura
BR,2,,,,2022,N,4,N-BR-2-F-4,F,Maria Alice,Maria Alice
BR,2,,,,2022,N,5,N-BR-2-F-5,F,Sophia,Sophia
BR,2,,,,2022,N,6,N-BR-2-F-6,F,Manuela,Manuela
BR,2,,,,2022,N,7,N-BR-2-F-7,F,Maitê,Maitê
BR,2,,,,2022,N,8,N-BR-2-F-8,F,Liz,Liz
BR,2,,,,2022,N,9,N-BR-2-F-9,F,Cecília,Cecília
BR,2,,,,2022,N,10,N-BR-2-F-10,F,Isabella,Isabella
BR,2,,,,2022,N,1,N-BR-2-M-1,M,Miguel,Miguel
BR,2,,,,2022,N,2,N-BR-2-M-2,M,Arthur,Arthur
BR,2,,,,2022,N,3,N-BR-2-M-3,M,Gael,Gael
BR,2,,,,2022,N,4,N-BR-2-M-4,M,Théo,Théo
BR,2,,,,2022,N,5,N-BR-2-M-5,M,Heitor,Heitor
BR,2,,,,2022,N,6,N-BR-2-M-6,M,Ravi,Ravi
BR,2,,,,2022,N,7,N-BR-2-M-7,M,Davi,Davi
BR,2,,,,2022,N,8,N-BR-2-M-8,M,Berrdo,Berrdo
BR,2,,,,2022,N,9,N-BR-2-M-9,M,Noah,Noah
BR,2,,,,2022,N,10,N-BR-2-M-10,M,Gabriel,Gabriel
BY,1,,,,2021,N,1,N-BY-1-F-1,F,Alisa,Alisa
BY,1,,,,2021,N,2,N-BY-1-F-2,F,Hanna,Hanna
BY,1,,,,2021,N,3,N-BY-1-F-3,F,Maryja,Maryja
BY,1,,,,2021,N,4,N-BY-1-F-4,F,Safija,Safija
BY,1,,,,2021,N,1,N-BY-1-M-1,M,Maksim,Maksim
BY,1,,,,2021,N,2,N-BY-1-M-2,M,Mark,Mark
BY,1,,,,2021,N,3,N-BY-1-M-3,M,Michail,Michail
CA,1,,,,2021,N,1,N-CA-1-F-1,F,Olivia,Olivia
CA,1,,,,2021,N,2,N-CA-1-F-2,F,Emma,Emma
CA,1,,,,2021,N,3,N-CA-1-F-3,F,Charlotte,Charlotte
CA,1,,,,2021,N,4,N-CA-1-F-4,F,Amelia,Amelia
CA,1,,,,2021,N,5,N-CA-1-F-5,F,Ava,Ava
CA,1,,,,2021,N,6,N-CA-1-F-6,F,Sophia,Sophia
CA,1,,,,2021,N,7,N-CA-1-F-7,F,Chloe,Chloe
CA,1,,,,2021,N,8,N-CA-1-F-8,F,Mia,Mia
CA,1,,,,2021,N,9,N-CA-1-F-9,F,Mila,Mila
CA,1,,,,2021,N,10,N-CA-1-F-10,F,Isla,Isla
CA,1,,,,2021,N,11,N-CA-1-F-11,F,Alice,Alice
CA,1,,,,2021,N,1,N-CA-1-M-1,M,Noah,Noah
CA,1,,,,2021,N,2,N-CA-1-M-2,M,Liam,Liam
CA,1,,,,2021,N,3,N-CA-1-M-3,M,William,William
CA,1,,,,2021,N,4,N-CA-1-M-4,M,Leo,Leo
CA,1,,,,2021,N,5,N-CA-1-M-5,M,Benjamin,Benjamin
CA,1,,,,2021,N,6,N-CA-1-M-6,M,Theodore,Theodore
CA,1,,,,2021,N,7,N-CA-1-M-7,M,Jack,Jack
CA,1,,,,2021,N,8,N-CA-1-M-8,M,Thomas,Thomas
CA,1,,,,2021,N,9,N-CA-1-M-9,M,Logan,Logan
CA,1,,,,2021,N,10,N-CA-1-M-10,M,Oliver,Oliver
CA,2,Québec,,,2022,N,1,N-CA-2-F-1,F,Emma,Emma
CA,2,Québec,,,2022,N,2,N-CA-2-F-2,F,Olivia,Olivia
CA,2,Québec,,,2022,N,3,N-CA-2-F-3,F,Charlotte,Charlotte
CA,2,Québec,,,2022,N,4,N-CA-2-F-4,F,Charlie,Charlie
CA,2,Québec,,,2022,N,5,N-CA-2-F-5,F,Florence,Florence
CA,2,Québec,,,2022,N,6,N-CA-2-F-6,F,Alice,Alice
CA,2,Québec,,,2022,N,7,N-CA-2-F-7,F,Léa,Léa
CA,2,Québec,,,2022,N,8,N-CA-2-F-8,F,Livia,Livia
CA,2,Québec,,,2022,N,9,N-CA-2-F-9,F,Rose,Rose
CA,2,Québec,,,2022,N,10,N-CA-2-F-10,F,Juliette,Juliette
CA,2,Québec,,,2022,N,1,N-CA-2-M-1,M,Noah,Noah
CA,2,Québec,,,2022,N,2,N-CA-2-M-2,M,William,William
CA,2,Québec,,,2022,N,3,N-CA-2-M-3,M,Liam,Liam
CA,2,Québec,,,2022,N,4,N-CA-2-M-4,M,Thomas,Thomas
CA,2,Québec,,,2022,N,5,N-CA-2-M-5,M,Leo,Leo
CA,2,Québec,,,2022,N,6,N-CA-2-M-6,M,Édouard,Édouard
CA,2,Québec,,,2022,N,7,N-CA-2-M-7,M,Jacob,Jacob
CA,2,Québec,,,2022,N,8,N-CA-2-M-8,M,Arthur,Arthur
CA,2,Québec,,,2022,N,9,N-CA-2-M-9,M,Louis,Louis
CA,2,Québec,,,2022,N,10,N-CA-2-M-10,M,Nathan,Nathan
CH,1,,Babies born,,2021,N,1,N-CH-1-F-1,F,Mia,Mia
CH,1,,Babies born,,2021,N,2,N-CH-1-F-2,F,Emma,Emma
CH,1,,Babies born,,2021,N,3,N-CH-1-F-3,F,Elena,Elena
CH,1,,Babies born,,2021,N,4,N-CH-1-F-4,F,Lina,Lina
CH,1,,Babies born,,2021,N,5,N-CH-1-F-5,F,Mila,Mila
CH,1,,Babies born,,2021,N,6,N-CH-1-F-6,F,Emilia,Emilia
CH,1,,Babies born,,2021,N,7,N-CH-1-F-7,F,Sofia,Sofia
CH,1,,Babies born,,2021,N,8,N-CH-1-F-8,F,Olivia,Olivia
CH,1,,Babies born,,2021,N,9,N-CH-1-F-9,F,Nora,Nora
CH,1,,Babies born,,2021,N,10,N-CH-1-F-10,F,Alina,Alina
CH,1,,Babies born,,2021,N,1,N-CH-1-M-1,M,Noah,Noah
CH,1,,Babies born,,2021,N,2,N-CH-1-M-2,M,Liam,Liam
CH,1,,Babies born,,2021,N,3,N-CH-1-M-3,M,Matteo,Matteo
CH,1,,Babies born,,2021,N,4,N-CH-1-M-4,M,Luca,Luca
CH,1,,Babies born,,2021,N,5,N-CH-1-M-5,M,Gabriel,Gabriel
CH,1,,Babies born,,2021,N,6,N-CH-1-M-6,M,Leon,Leon
CH,1,,Babies born,,2021,N,7,N-CH-1-M-7,M,Elias,Elias
CH,1,,Babies born,,2021,N,8,N-CH-1-M-8,M,Louis,Louis
CH,1,,Babies born,,2021,N,9,N-CH-1-M-9,M,Lio,Lio
CH,1,,Babies born,,2021,N,10,N-CH-1-M-10,M,Nino,Nino
CL,1,,,,2022,N,1,N-CL-1-F-1,F,Emma,Emma
CL,1,,,,2022,N,2,N-CL-1-F-2,F,Isabella,Isabella
CL,1,,,,2022,N,3,N-CL-1-F-3,F,Sofía,Sofía
CL,1,,,,2022,N,4,N-CL-1-F-4,F,Emilia,Emilia
CL,1,,,,2022,N,5,N-CL-1-F-5,F,Julieta,Julieta
CL,1,,,,2022,N,6,N-CL-1-F-6,F,Trinidad,Trinidad
CL,1,,,,2022,N,7,N-CL-1-F-7,F,Isidora,Isidora
CL,1,,,,2022,N,8,N-CL-1-F-8,F,Agustina,Agustina
CL,1,,,,2022,N,9,N-CL-1-F-9,F,Josefa,Josefa
CL,1,,,,2022,N,10,N-CL-1-F-10,F,Mia,Mia
CL,1,,,,2022,N,1,N-CL-1-M-1,M,Mateo,Mateo
CL,1,,,,2022,N,2,N-CL-1-M-2,M,Gaspar,Gaspar
CL,1,,,,2022,N,3,N-CL-1-M-3,M,Santiago,Santiago
CL,1,,,,2022,N,4,N-CL-1-M-4,M,Lucas,Lucas
CL,1,,,,2022,N,5,N-CL-1-M-5,M,Benjamín,Benjamín
CL,1,,,,2022,N,6,N-CL-1-M-6,M,Liam,Liam
CL,1,,,,2022,N,7,N-CL-1-M-7,M,Agustín,Agustín
CL,1,,,,2022,N,8,N-CL-1-M-8,M,Vicente,Vicente
CL,1,,,,2022,N,9,N-CL-1-M-9,M,Maximiliano,Maximiliano
CL,1,,,,2022,N,10,N-CL-1-M-10,M,Tomás,Tomás
CO,1,,,BabyCenter,2022,N,1,N-CO-1-F-1,F,Antonella,Antonella
CO,1,,,BabyCenter,2022,N,2,N-CO-1-F-2,F,Isabella,Isabella
CO,1,,,BabyCenter,2022,N,3,N-CO-1-F-3,F,Luciana,Luciana
CO,1,,,BabyCenter,2022,N,4,N-CO-1-F-4,F,Celeste,Celeste
CO,1,,,BabyCenter,2022,N,5,N-CO-1-F-5,F,Victoria,Victoria
CO,1,,,BabyCenter,2022,N,6,N-CO-1-F-6,F,Gabriela,Gabriela
CO,1,,,BabyCenter,2022,N,7,N-CO-1-F-7,F,Mariana,Mariana
CO,1,,,BabyCenter,2022,N,8,N-CO-1-F-8,F,Julieta,Julieta
CO,1,,,BabyCenter,2022,N,9,N-CO-1-F-9,F,Salomé,Salomé
CO,1,,,BabyCenter,2022,N,10,N-CO-1-F-10,F,Guadalupe,Guadalupe
CO,1,,,BabyCenter,2022,N,1,N-CO-1-M-1,M,Matías,Matías
CO,1,,,BabyCenter,2022,N,2,N-CO-1-M-2,M,Jerónimo,Jerónimo
CO,1,,,BabyCenter,2022,N,3,N-CO-1-M-3,M,Gerónimo,Gerónimo
CO,1,,,BabyCenter,2022,N,4,N-CO-1-M-4,M,Emiliano,Emiliano
CO,1,,,BabyCenter,2022,N,5,N-CO-1-M-5,M,Martín,Martín
CO,1,,,BabyCenter,2022,N,6,N-CO-1-M-6,M,Samuel,Samuel
CO,1,,,BabyCenter,2022,N,7,N-CO-1-M-7,M,Thiago,Thiago
CO,1,,,BabyCenter,2022,N,8,N-CO-1-M-8,M,Emmanuel,Emmanuel
CO,1,,,BabyCenter,2022,N,9,N-CO-1-M-9,M,Maximiliano,Maximiliano
CO,1,,,BabyCenter,2022,N,10,N-CO-1-M-10,M,Isaac,Isaac
CO,1,,,BabyCenter,2022,N,11,N-CO-1-M-11,M,Santiago,Santiago
CZ,1,,,,2019,N,1,N-CZ-1-F-1,F,Eliška,Eliška
CZ,1,,,,2019,N,2,N-CZ-1-F-2,F,Anna,Anna
CZ,1,,,,2019,N,3,N-CZ-1-F-3,F,Adéla,Adéla
CZ,1,,,,2019,N,4,N-CZ-1-F-4,F,Tereza,Tereza
CZ,1,,,,2019,N,5,N-CZ-1-F-5,F,Sofie,Sofie
CZ,1,,,,2019,N,6,N-CZ-1-F-6,F,Viktorie,Viktorie
CZ,1,,,,2019,N,7,N-CZ-1-F-7,F,Ema,Ema
CZ,1,,,,2019,N,8,N-CZ-1-F-8,F,Karolína,Karolína
CZ,1,,,,2019,N,9,N-CZ-1-F-9,F,Natálie,Natálie
CZ,1,,,,2019,N,10,N-CZ-1-F-10,F,Amálie,Amálie
CZ,1,,,,2019,N,11,N-CZ-1-F-11,F,Julie,Julie
CZ,1,,,,2019,N,1,N-CZ-1-M-1,M,Jakub,Jakub
CZ,1,,,,2019,N,2,N-CZ-1-M-2,M,Jan,Jan
CZ,1,,,,2019,N,3,N-CZ-1-M-3,M,Tomáš,Tomáš
CZ,1,,,,2019,N,4,N-CZ-1-M-4,M,Matyáš,Matyáš
CZ,1,,,,2019,N,5,N-CZ-1-M-5,M,Adam,Adam
CZ,1,,,,2019,N,6,N-CZ-1-M-6,M,Filip,Filip
CZ,1,,,,2019,N,7,N-CZ-1-M-7,M,Vojtěch,Vojtěch
CZ,1,,,,2019,N,8,N-CZ-1-M-8,M,Lukáš,Lukáš
CZ,1,,,,2019,N,9,N-CZ-1-M-9,M,Martin,Martin
CZ,1,,,,2019,N,10,N-CZ-1-M-10,M,Matěj,Matěj
DE,1,,,,2022,N,1,N-DE-1-F-1,F,Emilia,Emilia
DE,1,,,,2022,N,2,N-DE-1-F-2,F,Mia,Mia
DE,1,,,,2022,N,3,N-DE-1-F-3,F,Sophia,Sophia
DE,1,,,,2022,N,4,N-DE-1-F-4,F,Emma,Emma
DE,1,,,,2022,N,5,N-DE-1-F-5,F,Hannah,Hannah
DE,1,,,,2022,N,6,N-DE-1-F-6,F,Lina,Lina
DE,1,,,,2022,N,7,N-DE-1-F-7,F,Mila,Mila
DE,1,,,,2022,N,8,N-DE-1-F-8,F,Ella,Ella
DE,1,,,,2022,N,9,N-DE-1-F-9,F,Leni,Leni
DE,1,,,,2022,N,10,N-DE-1-F-10,F,Clara,Clara
DE,1,,,,2022,N,1,N-DE-1-M-1,M,Noah,Noah
DE,1,,,,2022,N,2,N-DE-1-M-2,M,Matteo,Matteo
DE,1,,,,2022,N,3,N-DE-1-M-3,M,Elias,Elias
DE,1,,,,2022,N,4,N-DE-1-M-4,M,Finn,Finn
DE,1,,,,2022,N,5,N-DE-1-M-5,M,Leon,Leon
DE,1,,,,2022,N,6,N-DE-1-M-6,M,Theo,Theo
DE,1,,,,2022,N,7,N-DE-1-M-7,M,Paul,Paul
DE,1,,,,2022,N,8,N-DE-1-M-8,M,Emil,Emil
DE,1,,,,2022,N,9,N-DE-1-M-9,M,Henry,Henry
DE,1,,,,2022,N,10,N-DE-1-M-10,M,Ben,Ben
DK,1,,,,2022,N,1,N-DK-1-F-1,F,Ella,Ella
DK,1,,,,2022,N,2,N-DK-1-F-2,F,Alma,Alma
DK,1,,,,2022,N,3,N-DK-1-F-3,F,Nora,Nora
DK,1,,,,2022,N,4,N-DK-1-F-4,F,Ida,Ida
DK,1,,,,2022,N,5,N-DK-1-F-5,F,Freja,Freja
DK,1,,,,2022,N,6,N-DK-1-F-6,F,Sofia,Sofia
DK,1,,,,2022,N,7,N-DK-1-F-7,F,Luna,Luna
DK,1,,,,2022,N,8,N-DK-1-F-8,F,Olivia,Olivia
DK,1,,,,2022,N,9,N-DK-1-F-9,F,Agnes,Agnes
DK,1,,,,2022,N,10,N-DK-1-F-10,F,Asta,Asta
DK,1,,,,2022,N,11,N-DK-1-F-11,F,Clara,Clara
DK,1,,,,2022,N,12,N-DK-1-F-12,F,Emma,Emma
DK,1,,,,2022,N,13,N-DK-1-F-13,F,Frida,Frida
DK,1,,,,2022,N,14,N-DK-1-F-14,F,Alberte,Alberte
DK,1,,,,2022,N,1,N-DK-1-M-1,M,William,William
DK,1,,,,2022,N,2,N-DK-1-M-2,M,Oscar,Oscar
DK,1,,,,2022,N,3,N-DK-1-M-3,M,Carl,Carl
DK,1,,,,2022,N,4,N-DK-1-M-4,M,Malthe,Malthe
DK,1,,,,2022,N,5,N-DK-1-M-5,M,Emil,Emil
DK,1,,,,2022,N,6,N-DK-1-M-6,M,Valdemar,Valdemar
DK,1,,,,2022,N,7,N-DK-1-M-7,M,Noah,Noah
DK,1,,,,2022,N,8,N-DK-1-M-8,M,Aksel,Aksel
DK,1,,,,2022,N,9,N-DK-1-M-9,M,August,August
DK,1,,,,2022,N,10,N-DK-1-M-10,M,Theo,Theo
EE,1,,,,2022,N,1,N-EE-1-F-1,F,Sofia,Sofia
EE,1,,,,2022,N,2,N-EE-1-F-2,F,Mia,Mia
EE,1,,,,2022,N,3,N-EE-1-F-3,F,Eva,Eva
EE,1,,,,2022,N,4,N-EE-1-F-4,F,Lenna,Lenna
EE,1,,,,2022,N,5,N-EE-1-F-5,F,Marta,Marta
EE,1,,,,2022,N,6,N-EE-1-F-6,F,Amelia,Amelia
EE,1,,,,2022,N,7,N-EE-1-F-7,F,Elli,Elli
EE,1,,,,2022,N,8,N-EE-1-F-8,F,Maria,Maria
EE,1,,,,2022,N,9,N-EE-1-F-9,F,Sandra,Sandra
EE,1,,,,2022,N,10,N-EE-1-F-10,F,Alisa,Alisa
EE,1,,,,2022,N,1,N-EE-1-M-1,M,Oskar,Oskar
EE,1,,,,2022,N,2,N-EE-1-M-2,M,Sebastian,Sebastian
EE,1,,,,2022,N,3,N-EE-1-M-3,M,Mark,Mark
EE,1,,,,2022,N,4,N-EE-1-M-4,M,Hugo,Hugo
EE,1,,,,2022,N,5,N-EE-1-M-5,M,Robin,Robin
EE,1,,,,2022,N,6,N-EE-1-M-6,M,Martin,Martin
EE,1,,,,2022,N,7,N-EE-1-M-7,M,David,David
EE,1,,,,2022,N,8,N-EE-1-M-8,M,Lukas,Lukas
EE,1,,,,2022,N,9,N-EE-1-M-9,M,Aron,Aron
EE,1,,,,2022,N,10,N-EE-1-M-10,M,Rasmus,Rasmus
ES,1,Basque Country,,,2021,N,1,N-ES-1-F-1,F,Ane,Ane
ES,1,Basque Country,,,2021,N,2,N-ES-1-F-2,F,Laia,Laia
ES,1,Basque Country,,,2021,N,3,N-ES-1-F-3,F,June,June
ES,1,Basque Country,,,2021,N,4,N-ES-1-F-4,F,Nahia,Nahia
ES,1,Basque Country,,,2021,N,5,N-ES-1-F-5,F,Maddi,Maddi
ES,1,Basque Country,,,2021,N,6,N-ES-1-F-6,F,Malen,Malen
ES,1,Basque Country,,,2021,N,7,N-ES-1-F-7,F,Nora,Nora
ES,1,Basque Country,,,2021,N,8,N-ES-1-F-8,F,Irati,Irati
ES,1,Basque Country,,,2021,N,9,N-ES-1-F-9,F,Izaro,Izaro
ES,1,Basque Country,,,2021,N,10,N-ES-1-F-10,F,Sara,Sara
ES,1,Basque Country,,,2021,N,1,N-ES-1-M-1,M,Markel,Markel
ES,1,Basque Country,,,2021,N,2,N-ES-1-M-2,M,Martín,Martín
ES,1,Basque Country,,,2021,N,3,N-ES-1-M-3,M,Julen,Julen
ES,1,Basque Country,,,2021,N,4,N-ES-1-M-4,M,Oihan,Oihan
ES,1,Basque Country,,,2021,N,5,N-ES-1-M-5,M,Jon,Jon
ES,1,Basque Country,,,2021,N,6,N-ES-1-M-6,M,Aiur,Aiur
ES,1,Basque Country,,,2021,N,7,N-ES-1-M-7,M,Aimar,Aimar
ES,1,Basque Country,,,2021,N,8,N-ES-1-M-8,M,Ibai,Ibai
ES,1,Basque Country,,,2021,N,9,N-ES-1-M-9,M,Luka,Luka
ES,1,Basque Country,,,2021,N,10,N-ES-1-M-10,M,Danel,Danel
ES,2,Catalonia,,,2021,N,1,N-ES-2-F-1,F,Júlia,Júlia
ES,2,Catalonia,,,2021,N,2,N-ES-2-F-2,F,Martina,Martina
ES,2,Catalonia,,,2021,N,3,N-ES-2-F-3,F,Mia,Mia
ES,2,Catalonia,,,2021,N,4,N-ES-2-F-4,F,Emma,Emma
ES,2,Catalonia,,,2021,N,5,N-ES-2-F-5,F,Lucía,Lucía
ES,2,Catalonia,,,2021,N,6,N-ES-2-F-6,F,Sofía,Sofía
ES,2,Catalonia,,,2021,N,7,N-ES-2-F-7,F,Ona,Ona
ES,2,Catalonia,,,2021,N,8,N-ES-2-F-8,F,María,María
ES,2,Catalonia,,,2021,N,9,N-ES-2-F-9,F,Laia,Laia
ES,2,Catalonia,,,2021,N,10,N-ES-2-F-10,F,Paula,Paula
ES,2,Catalonia,,,2021,N,1,N-ES-2-M-1,M,Marc,Marc
ES,2,Catalonia,,,2021,N,2,N-ES-2-M-2,M,Nil,Nil
ES,2,Catalonia,,,2021,N,3,N-ES-2-M-3,M,Pol,Pol
ES,2,Catalonia,,,2021,N,4,N-ES-2-M-4,M,Jan,Jan
ES,2,Catalonia,,,2021,N,5,N-ES-2-M-5,M,Leo,Leo
ES,2,Catalonia,,,2021,N,6,N-ES-2-M-6,M,Pau,Pau
ES,2,Catalonia,,,2021,N,7,N-ES-2-M-7,M,Àlex,Àlex
ES,2,Catalonia,,,2021,N,8,N-ES-2-M-8,M,Marti,Marti
ES,2,Catalonia,,,2021,N,9,N-ES-2-M-9,M,Biel,Biel
ES,2,Catalonia,,,2021,N,10,N-ES-2-M-10,M,Hugo,Hugo
ES,3,Excluding Basque Country & Catalonia,,,2021,N,1,N-ES-3-F-1,F,Lucía,Lucía
ES,3,Excluding Basque Country & Catalonia,,,2021,N,2,N-ES-3-F-2,F,Martina,Martina
ES,3,Excluding Basque Country & Catalonia,,,2021,N,3,N-ES-3-F-3,F,Sofía,Sofía
ES,3,Excluding Basque Country & Catalonia,,,2021,N,4,N-ES-3-F-4,F,María,María
ES,3,Excluding Basque Country & Catalonia,,,2021,N,5,N-ES-3-F-5,F,Valeria,Valeria
ES,3,Excluding Basque Country & Catalonia,,,2021,N,6,N-ES-3-F-6,F,Julia,Julia
ES,3,Excluding Basque Country & Catalonia,,,2021,N,7,N-ES-3-F-7,F,Paula,Paula
ES,3,Excluding Basque Country & Catalonia,,,2021,N,8,N-ES-3-F-8,F,Emma,Emma
ES,3,Excluding Basque Country & Catalonia,,,2021,N,9,N-ES-3-F-9,F,Daniela,Daniela
ES,3,Excluding Basque Country & Catalonia,,,2021,N,10,N-ES-3-F-10,F,Carla,Carla
ES,3,Excluding Basque Country & Catalonia,,,2021,N,1,N-ES-3-M-1,M,Martín,Martín
ES,3,Excluding Basque Country & Catalonia,,,2021,N,2,N-ES-3-M-2,M,Hugo,Hugo
ES,3,Excluding Basque Country & Catalonia,,,2021,N,3,N-ES-3-M-3,M,Mateo,Mateo
ES,3,Excluding Basque Country & Catalonia,,,2021,N,4,N-ES-3-M-4,M,Leo,Leo
ES,3,Excluding Basque Country & Catalonia,,,2021,N,5,N-ES-3-M-5,M,Lucas,Lucas
ES,3,Excluding Basque Country & Catalonia,,,2021,N,6,N-ES-3-M-6,M,Manuel,Manuel
ES,3,Excluding Basque Country & Catalonia,,,2021,N,7,N-ES-3-M-7,M,Daniel,Daniel
ES,3,Excluding Basque Country & Catalonia,,,2021,N,8,N-ES-3-M-8,M,Alejandro,Alejandro
ES,3,Excluding Basque Country & Catalonia,,,2021,N,9,N-ES-3-M-9,M,Pablo,Pablo
ES,3,Excluding Basque Country & Catalonia,,,2021,N,10,N-ES-3-M-10,M,Álvaro,Álvaro
FI,1,,Babies born among Finnish speakers,,2022,N,1,N-FI-1-F-1,F,Olivia,Olivia
FI,1,,Babies born among Finnish speakers,,2022,N,2,N-FI-1-F-2,F,Aino,Aino
FI,1,,Babies born among Finnish speakers,,2022,N,3,N-FI-1-F-3,F,Aada,Aada
FI,1,,Babies born among Finnish speakers,,2022,N,4,N-FI-1-F-4,F,Lilja,Lilja
FI,1,,Babies born among Finnish speakers,,2022,N,5,N-FI-1-F-5,F,Eevi,Eevi
FI,1,,Babies born among Finnish speakers,,2022,N,6,N-FI-1-F-6,F,Isla,Isla
FI,1,,Babies born among Finnish speakers,,2022,N,7,N-FI-1-F-7,F,Helmi,Helmi
FI,1,,Babies born among Finnish speakers,,2022,N,8,N-FI-1-F-8,F,Venla,Venla
FI,1,,Babies born among Finnish speakers,,2022,N,9,N-FI-1-F-9,F,Sofia,Sofia
FI,1,,Babies born among Finnish speakers,,2022,N,10,N-FI-1-F-10,F,Ellen,Ellen
FI,1,,Babies born among Finnish speakers,,2022,N,1,N-FI-1-M-1,M,Leo,Leo
FI,1,,Babies born among Finnish speakers,,2022,N,2,N-FI-1-M-2,M,Väinö,Väinö
FI,1,,Babies born among Finnish speakers,,2022,N,3,N-FI-1-M-3,M,Eino,Eino
FI,1,,Babies born among Finnish speakers,,2022,N,4,N-FI-1-M-4,M,Oliver,Oliver
FI,1,,Babies born among Finnish speakers,,2022,N,5,N-FI-1-M-5,M,Elias,Elias
FI,1,,Babies born among Finnish speakers,,2022,N,6,N-FI-1-M-6,M,Onni,Onni
FI,1,,Babies born among Finnish speakers,,2022,N,7,N-FI-1-M-7,M,Emil,Emil
FI,1,,Babies born among Finnish speakers,,2022,N,8,N-FI-1-M-8,M,Eeli,Eeli
FI,1,,Babies born among Finnish speakers,,2022,N,9,N-FI-1-M-9,M,Toivo,Toivo
FI,1,,Babies born among Finnish speakers,,2022,N,10,N-FI-1-M-10,M,Leevi,Leevi
FO,1,Faroe Islands,,,2021,N,1,N-FO-1-F-1,F,Lea,Lea
FO,1,Faroe Islands,,,2021,N,2,N-FO-1-F-2,F,Lív,Lív
FO,1,Faroe Islands,,,2021,N,3,N-FO-1-F-3,F,Emma,Emma
FO,1,Faroe Islands,,,2021,N,4,N-FO-1-F-4,F,Julia,Julia
FO,1,Faroe Islands,,,2021,N,5,N-FO-1-F-5,F,Ria,Ria
FO,1,Faroe Islands,,,2021,N,6,N-FO-1-F-6,F,Sólja,Sólja
FO,1,Faroe Islands,,,2021,N,7,N-FO-1-F-7,F,Hjørdis,Hjørdis
FO,1,Faroe Islands,,,2021,N,8,N-FO-1-F-8,F,Isabella,Isabella
FO,1,Faroe Islands,,,2021,N,9,N-FO-1-F-9,F,Nora,Nora
FO,1,Faroe Islands,,,2021,N,10,N-FO-1-F-10,F,Ronja,Ronja
FO,1,Faroe Islands,,,2021,N,11,N-FO-1-F-11,F,Sofía,Sofía
FO,1,Faroe Islands,,,2021,N,12,N-FO-1-F-12,F,Vár,Vár
FO,1,Faroe Islands,,,2021,N,1,N-FO-1-M-1,M,Jónas,Jónas
FO,1,Faroe Islands,,,2021,N,2,N-FO-1-M-2,M,Nóa,Nóa
FO,1,Faroe Islands,,,2021,N,3,N-FO-1-M-3,M,Andrias,Andrias
FO,1,Faroe Islands,,,2021,N,4,N-FO-1-M-4,M,Jógvan,Jógvan
FO,1,Faroe Islands,,,2021,N,5,N-FO-1-M-5,M,Markus,Markus
FO,1,Faroe Islands,,,2021,N,6,N-FO-1-M-6,M,Mattias,Mattias
FO,1,Faroe Islands,,,2021,N,7,N-FO-1-M-7,M,Adrian,Adrian
FO,1,Faroe Islands,,,2021,N,8,N-FO-1-M-8,M,Gilli,Gilli
FO,1,Faroe Islands,,,2021,N,9,N-FO-1-M-9,M,Jákup,Jákup
FO,1,Faroe Islands,,,2021,N,10,N-FO-1-M-10,M,Tróndur,Tróndur
FR,1,,,,2022,N,1,N-FR-1-F-1,F,Jade,Jade
FR,1,,,,2022,N,2,N-FR-1-F-2,F,Emma,Emma
FR,1,,,,2022,N,3,N-FR-1-F-3,F,Louise,Louise
FR,1,,,,2022,N,4,N-FR-1-F-4,F,Mia,Mia
FR,1,,,,2022,N,5,N-FR-1-F-5,F,Alice,Alice
FR,1,,,,2022,N,6,N-FR-1-F-6,F,Lina,Lina
FR,1,,,,2022,N,7,N-FR-1-F-7,F,Ambre,Ambre
FR,1,,,,2022,N,8,N-FR-1-F-8,F,Rose,Rose
FR,1,,,,2022,N,9,N-FR-1-F-9,F,Chloé,Chloé
FR,1,,,,2022,N,10,N-FR-1-F-10,F,Anna,Anna
FR,1,,,,2022,N,1,N-FR-1-M-1,M,Léo,Léo
FR,1,,,,2022,N,2,N-FR-1-M-2,M,Gabriel,Gabriel
FR,1,,,,2022,N,3,N-FR-1-M-3,M,Raphaël,Raphaël
FR,1,,,,2022,N,4,N-FR-1-M-4,M,Arthur,Arthur
FR,1,,,,2022,N,5,N-FR-1-M-5,M,Louis,Louis
FR,1,,,,2022,N,6,N-FR-1-M-6,M,Maël,Maël
FR,1,,,,2022,N,7,N-FR-1-M-7,M,Lucas,Lucas
FR,1,,,,2022,N,8,N-FR-1-M-8,M,Adam,Adam
FR,1,,,,2022,N,9,N-FR-1-M-9,M,Tiago,Tiago
FR,1,,,,2022,N,10,N-FR-1-M-10,M,Hugo,Hugo
GB,1,England,,,2021,N,1,N-GB-1-F-1,F,Olivia,Olivia
GB,1,England,,,2021,N,2,N-GB-1-F-2,F,Amelia,Amelia
GB,1,England,,,2021,N,3,N-GB-1-F-3,F,Isla,Isla
GB,1,England,,,2021,N,4,N-GB-1-F-4,F,Ava,Ava
GB,1,England,,,2021,N,5,N-GB-1-F-5,F,Ivy,Ivy
GB,1,England,,,2021,N,6,N-GB-1-F-6,F,Florence,Florence
GB,1,England,,,2021,N,7,N-GB-1-F-7,F,Lily,Lily
GB,1,England,,,2021,N,8,N-GB-1-F-8,F,Freya,Freya
GB,1,England,,,2021,N,9,N-GB-1-F-9,F,Mia,Mia
GB,1,England,,,2021,N,10,N-GB-1-F-10,F,Willow,Willow
GB,1,England,,,2021,N,1,N-GB-1-M-1,M,Noah,Noah
GB,1,England,,,2021,N,2,N-GB-1-M-2,M,George,George
GB,1,England,,,2021,N,3,N-GB-1-M-3,M,Oliver,Oliver
GB,1,England,,,2021,N,4,N-GB-1-M-4,M,Muhammad,Muhammad
GB,1,England,,,2021,N,5,N-GB-1-M-5,M,Arthur,Arthur
GB,1,England,,,2021,N,6,N-GB-1-M-6,M,Leo,Leo
GB,1,England,,,2021,N,7,N-GB-1-M-7,M,Harry,Harry
GB,1,England,,,2021,N,8,N-GB-1-M-8,M,Oscar,Oscar
GB,1,England,,,2021,N,9,N-GB-1-M-9,M,Henry,Henry
GB,1,England,,,2021,N,10,N-GB-1-M-10,M,Theodore,Theodore
GB,2,Wales,,,2021,N,1,N-GB-2-F-1,F,Olivia,Olivia
GB,2,Wales,,,2021,N,2,N-GB-2-F-2,F,Amelia,Amelia
GB,2,Wales,,,2021,N,3,N-GB-2-F-3,F,Isla,Isla
GB,2,Wales,,,2021,N,4,N-GB-2-F-4,F,Freya,Freya
GB,2,Wales,,,2021,N,5,N-GB-2-F-5,F,Ivy,Ivy
GB,2,Wales,,,2021,N,6,N-GB-2-F-6,F,Rosie,Rosie
GB,2,Wales,,,2021,N,7,N-GB-2-F-7,F,Ava,Ava
GB,2,Wales,,,2021,N,8,N-GB-2-F-8,F,Grace,Grace
GB,2,Wales,,,2021,N,9,N-GB-2-F-9,F,Lily,Lily
GB,2,Wales,,,2021,N,10,N-GB-2-F-10,F,Evie,Evie
GB,2,Wales,,,2021,N,11,N-GB-2-F-11,F,Mia,Mia
GB,2,Wales,,,2021,N,1,N-GB-2-M-1,M,Noah,Noah
GB,2,Wales,,,2021,N,2,N-GB-2-M-2,M,Oliver,Oliver
GB,2,Wales,,,2021,N,3,N-GB-2-M-3,M,Arthur,Arthur
GB,2,Wales,,,2021,N,4,N-GB-2-M-4,M,Theo,Theo
GB,2,Wales,,,2021,N,5,N-GB-2-M-5,M,Leo,Leo
GB,2,Wales,,,2021,N,6,N-GB-2-M-6,M,Charlie,Charlie
GB,2,Wales,,,2021,N,7,N-GB-2-M-7,M,Archie,Archie
GB,2,Wales,,,2021,N,8,N-GB-2-M-8,M,George,George
GB,2,Wales,,,2021,N,9,N-GB-2-M-9,M,Jack,Jack
GB,2,Wales,,,2021,N,10,N-GB-2-M-10,M,Oscar,Oscar
GB,3,Northern Ireland,,,2022,N,1,N-GB-3-F-1,F,Grace,Grace
GB,3,Northern Ireland,,,2022,N,2,N-GB-3-F-2,F,Emily,Emily
GB,3,Northern Ireland,,,2022,N,3,N-GB-3-F-3,F,Fiadh,Fiadh
GB,3,Northern Ireland,,,2022,N,4,N-GB-3-F-4,F,Olivia,Olivia
GB,3,Northern Ireland,,,2022,N,5,N-GB-3-F-5,F,Isla,Isla
GB,3,Northern Ireland,,,2022,N,6,N-GB-3-F-6,F,Aoife,Aoife
GB,3,Northern Ireland,,,2022,N,7,N-GB-3-F-7,F,Lily,Lily
GB,3,Northern Ireland,,,2022,N,8,N-GB-3-F-8,F,Annie,Annie
GB,3,Northern Ireland,,,2022,N,9,N-GB-3-F-9,F,Evie,Evie
GB,3,Northern Ireland,,,2022,N,10,N-GB-3-F-10,F,Freya,Freya
GB,3,Northern Ireland,,,2022,N,11,N-GB-3-F-11,F,Amelia,Amelia
GB,3,Northern Ireland,,,2022,N,1,N-GB-3-M-1,M,James,James
GB,3,Northern Ireland,,,2022,N,2,N-GB-3-M-2,M,Jack,Jack
GB,3,Northern Ireland,,,2022,N,3,N-GB-3-M-3,M,Noah,Noah
GB,3,Northern Ireland,,,2022,N,4,N-GB-3-M-4,M,Theo,Theo
GB,3,Northern Ireland,,,2022,N,5,N-GB-3-M-5,M,Charlie,Charlie
GB,3,Northern Ireland,,,2022,N,6,N-GB-3-M-6,M,Oliver,Oliver
GB,3,Northern Ireland,,,2022,N,7,N-GB-3-M-7,M,Oisin,Oisin
GB,3,Northern Ireland,,,2022,N,8,N-GB-3-M-8,M,Harry,Harry
GB,3,Northern Ireland,,,2022,N,9,N-GB-3-M-9,M,Cillian,Cillian
GB,3,Northern Ireland,,,2022,N,10,N-GB-3-M-10,M,Thomas,Thomas
GB,4,Scotland,,,2022,N,1,N-GB-4-F-1,F,Olivia,Olivia
GB,4,Scotland,,,2022,N,2,N-GB-4-F-2,F,Isla,Isla
GB,4,Scotland,,,2022,N,3,N-GB-4-F-3,F,Freya,Freya
GB,4,Scotland,,,2022,N,4,N-GB-4-F-4,F,Millie,Millie
GB,4,Scotland,,,2022,N,5,N-GB-4-F-5,F,Emily,Emily
GB,4,Scotland,,,2022,N,6,N-GB-4-F-6,F,Amelia,Amelia
GB,4,Scotland,,,2022,N,7,N-GB-4-F-7,F,Grace,Grace
GB,4,Scotland,,,2022,N,8,N-GB-4-F-8,F,Sophie,Sophie
GB,4,Scotland,,,2022,N,9,N-GB-4-F-9,F,Ava,Ava
GB,4,Scotland,,,2022,N,10,N-GB-4-F-10,F,Ella,Ella
GB,4,Scotland,,,2022,N,11,N-GB-4-F-11,F,Lily,Lily
GB,4,Scotland,,,2022,N,12,N-GB-4-F-12,F,Charlotte,Charlotte
GB,4,Scotland,,,2022,N,1,N-GB-4-M-1,M,Noah,Noah
GB,4,Scotland,,,2022,N,2,N-GB-4-M-2,M,Jack,Jack
GB,4,Scotland,,,2022,N,3,N-GB-4-M-3,M,Leo,Leo
GB,4,Scotland,,,2022,N,4,N-GB-4-M-4,M,Harris,Harris
GB,4,Scotland,,,2022,N,5,N-GB-4-M-5,M,Luca,Luca
GB,4,Scotland,,,2022,N,6,N-GB-4-M-6,M,Oliver,Oliver
GB,4,Scotland,,,2022,N,7,N-GB-4-M-7,M,Rory,Rory
GB,4,Scotland,,,2022,N,8,N-GB-4-M-8,M,Archie,Archie
GB,4,Scotland,,,2022,N,9,N-GB-4-M-9,M,Alfie,Alfie
GB,4,Scotland,,,2022,N,10,N-GB-4-M-10,M,James,James
GB,4,Scotland,,,2022,N,11,N-GB-4-M-11,M,Theo,Theo
GB,4,Scotland,,,2022,N,12,N-GB-4-M-12,M,Finlay,Finlay
GB,4,Scotland,,,2022,N,13,N-GB-4-M-13,M,Lewis,Lewis
HR,1,,,,2021,N,1,N-HR-1-F-1,F,Mia,Mia
HR,1,,,,2021,N,2,N-HR-1-F-2,F,Lucija,Lucija
HR,1,,,,2021,N,3,N-HR-1-F-3,F,Nika,Nika
HR,1,,,,2021,N,4,N-HR-1-F-4,F,Rita,Rita
HR,1,,,,2021,N,5,N-HR-1-F-5,F,Ema,Ema
HR,1,,,,2021,N,6,N-HR-1-F-6,F,Mila,Mila
HR,1,,,,2021,N,7,N-HR-1-F-7,F,Marta,Marta
HR,1,,,,2021,N,8,N-HR-1-F-8,F,Sara,Sara
HR,1,,,,2021,N,9,N-HR-1-F-9,F,Ana,Ana
HR,1,,,,2021,N,10,N-HR-1-F-10,F,Dora,Dora
HR,1,,,,2021,N,1,N-HR-1-M-1,M,Luka,Luka
HR,1,,,,2021,N,2,N-HR-1-M-2,M,David,David
HR,1,,,,2021,N,3,N-HR-1-M-3,M,Jakov,Jakov
HR,1,,,,2021,N,4,N-HR-1-M-4,M,Ivan,Ivan
HR,1,,,,2021,N,5,N-HR-1-M-5,M,Roko,Roko
HR,1,,,,2021,N,6,N-HR-1-M-6,M,Petar,Petar
HR,1,,,,2021,N,7,N-HR-1-M-7,M,Mateo,Mateo
HR,1,,,,2021,N,8,N-HR-1-M-8,M,Niko,Niko
HR,1,,,,2021,N,9,N-HR-1-M-9,M,Matej,Matej
HR,1,,,,2021,N,10,N-HR-1-M-10,M,Fran,Fran
HR,1,,,,2021,N,11,N-HR-1-M-11,M,Josip,Josip
HU,1,,,,2021,N,1,N-HU-1-F-1,F,Hanna,Hanna
HU,1,,,,2021,N,2,N-HU-1-F-2,F,Zoé,Zoé
HU,1,,,,2021,N,3,N-HU-1-F-3,F,Anna,Anna
HU,1,,,,2021,N,4,N-HU-1-F-4,F,Léna,Léna
HU,1,,,,2021,N,5,N-HU-1-F-5,F,Luca,Luca
HU,1,,,,2021,N,6,N-HU-1-F-6,F,Emma,Emma
HU,1,,,,2021,N,7,N-HU-1-F-7,F,Boglárka,Boglárka
HU,1,,,,2021,N,8,N-HU-1-F-8,F,Lili,Lili
HU,1,,,,2021,N,9,N-HU-1-F-9,F,Lilien,Lilien
HU,1,,,,2021,N,10,N-HU-1-F-10,F,Lara,Lara
HU,1,,,,2021,N,1,N-HU-1-M-1,M,Levente,Levente
HU,1,,,,2021,N,2,N-HU-1-M-2,M,Máté,Máté
HU,1,,,,2021,N,3,N-HU-1-M-3,M,Dominik,Dominik
HU,1,,,,2021,N,4,N-HU-1-M-4,M,Bence,Bence
HU,1,,,,2021,N,5,N-HU-1-M-5,M,Olivér,Olivér
HU,1,,,,2021,N,6,N-HU-1-M-6,M,Noel,Noel
HU,1,,,,2021,N,7,N-HU-1-M-7,M,Marcell,Marcell
HU,1,,,,2021,N,8,N-HU-1-M-8,M,Dániel,Dániel
HU,1,,,,2021,N,9,N-HU-1-M-9,M,Zalán,Zalán
HU,1,,,,2021,N,10,N-HU-1-M-10,M,Ádám,Ádám
IE,1,,,,2022,N,1,N-IE-1-F-1,F,Emily,Emily
IE,1,,,,2022,N,2,N-IE-1-F-2,F,Grace,Grace
IE,1,,,,2022,N,3,N-IE-1-F-3,F,Fiadh,Fiadh
IE,1,,,,2022,N,4,N-IE-1-F-4,F,Sophie,Sophie
IE,1,,,,2022,N,5,N-IE-1-F-5,F,Lily,Lily
IE,1,,,,2022,N,6,N-IE-1-F-6,F,Éabha,Éabha
IE,1,,,,2022,N,7,N-IE-1-F-7,F,Ava,Ava
IE,1,,,,2022,N,8,N-IE-1-F-8,F,Mia,Mia
IE,1,,,,2022,N,9,N-IE-1-F-9,F,Ellie,Ellie
IE,1,,,,2022,N,10,N-IE-1-F-10,F,Olivia,Olivia
IE,1,,,,2022,N,1,N-IE-1-M-1,M,Jack,Jack
IE,1,,,,2022,N,2,N-IE-1-M-2,M,Noah,Noah
IE,1,,,,2022,N,3,N-IE-1-M-3,M,James,James
IE,1,,,,2022,N,4,N-IE-1-M-4,M,Rían,Rían
IE,1,,,,2022,N,5,N-IE-1-M-5,M,Charlie,Charlie
IE,1,,,,2022,N,6,N-IE-1-M-6,M,Oisín,Oisín
IE,1,,,,2022,N,7,N-IE-1-M-7,M,Tadhg,Tadhg
IE,1,,,,2022,N,8,N-IE-1-M-8,M,Liam,Liam
IE,1,,,,2022,N,9,N-IE-1-M-9,M,Cillian,Cillian
IE,1,,,,2022,N,10,N-IE-1-M-10,M,Daniel,Daniel
IL,1,,Christian Arab boys,,2020,N,1,N-IL-1-M-1,M,Charbel,Charbel
IL,1,,Christian Arab boys,,2020,N,2,N-IL-1-M-2,M,Jude,Jude
IL,1,,Christian Arab boys,,2020,N,3,N-IL-1-M-3,M,Niel,Niel
IL,1,,Christian Arab boys,,2020,N,4,N-IL-1-M-4,M,Elias,Elias
IL,1,,Christian Arab boys,,2020,N,5,N-IL-1-M-5,M,Liam,Liam
IL,1,,Christian Arab boys,,2020,N,6,N-IL-1-M-6,M,George,George
IL,1,,Christian Arab girls,,2020,N,1,N-IL-1-F-1,F,Lin,Lin
IL,1,,Christian Arab girls,,2020,N,2,N-IL-1-F-2,F,Maria,Maria
IL,1,,Christian Arab girls,,2020,N,3,N-IL-1-F-3,F,Sama,Sama
IL,1,,Christian Arab girls,,2020,N,4,N-IL-1-F-4,F,Celine,Celine
IL,1,,Christian Arab girls,,2020,N,5,N-IL-1-F-5,F,Leah,Leah
IL,2,,Druze boys,,2020,N,1,N-IL-2-M-1,M,Adam,Adam
IL,2,,Druze boys,,2020,N,2,N-IL-2-M-2,M,Taim,Taim
IL,2,,Druze boys,,2020,N,3,N-IL-2-M-3,M,Niel,Niel
IL,2,,Druze boys,,2020,N,4,N-IL-2-M-4,M,Amir,Amir
IL,2,,Druze boys,,2020,N,5,N-IL-2-M-5,M,Jude,Jude
IL,2,,Druze girls,,2020,N,1,N-IL-2-F-1,F,Mila,Mila
IL,2,,Druze girls,,2020,N,2,N-IL-2-F-2,F,Ayalah,Ayalah
IL,2,,Druze girls,,2020,N,3,N-IL-2-F-3,F,Lur,Lur
IL,2,,Druze girls,,2020,N,4,N-IL-2-F-4,F,Lin,Lin
IL,2,,Druze girls,,2020,N,5,N-IL-2-F-5,F,Yasmin,Yasmin
IL,3,,Muslim boys,,2020,N,1,N-IL-3-M-1,M,Muhammad,Muhammad
IL,3,,Muslim boys,,2020,N,2,N-IL-3-M-2,M,Ahmad,Ahmad
IL,3,,Muslim boys,,2020,N,3,N-IL-3-M-3,M,Adam,Adam
IL,3,,Muslim boys,,2020,N,4,N-IL-3-M-4,M,Yusef,Yusef
IL,3,,Muslim boys,,2020,N,5,N-IL-3-M-5,M,Omer,Omer
IL,3,,Muslim boys,,2020,N,6,N-IL-3-M-6,M,Ali,Ali
IL,3,,Muslim boys,,2020,N,7,N-IL-3-M-7,M,Abd,Abd
IL,3,,Muslim boys,,2020,N,8,N-IL-3-M-8,M,Amir,Amir
IL,3,,Muslim boys,,2020,N,9,N-IL-3-M-9,M,Ibrahim,Ibrahim
IL,3,,Muslim boys,,2020,N,10,N-IL-3-M-10,M,Mahmoud,Mahmoud
IL,3,,Muslim girls,,2020,N,1,N-IL-3-F-1,F,Maryam,Maryam
IL,3,,Muslim girls,,2020,N,2,N-IL-3-F-2,F,Shams,Shams
IL,3,,Muslim girls,,2020,N,3,N-IL-3-F-3,F,Lyn,Lyn
IL,3,,Muslim girls,,2020,N,4,N-IL-3-F-4,F,Malek,Malek
IL,3,,Muslim girls,,2020,N,5,N-IL-3-F-5,F,Jori,Jori
IL,3,,Muslim girls,,2020,N,6,N-IL-3-F-6,F,Lian,Lian
IL,3,,Muslim girls,,2020,N,7,N-IL-3-F-7,F,Mila,Mila
IL,3,,Muslim girls,,2020,N,8,N-IL-3-F-8,F,Aline,Aline
IL,3,,Muslim girls,,2020,N,9,N-IL-3-F-9,F,Nur,Nur
IL,3,,Muslim girls,,2020,N,10,N-IL-3-F-10,F,Marya,Marya
IL,4,,Jewish boys,,2021,N,1,N-IL-4-M-1,M,David,David
IL,4,,Jewish boys,,2021,N,2,N-IL-4-M-2,M,Ariel,Ariel
IL,4,,Jewish boys,,2021,N,3,N-IL-4-M-3,M,Lavi,Lavi
IL,4,,Jewish boys,,2021,N,4,N-IL-4-M-4,M,Uri,Uri
IL,4,,Jewish boys,,2021,N,5,N-IL-4-M-5,M,Refael,Refael
IL,4,,Jewish boys,,2021,N,6,N-IL-4-M-6,M,Noam,Noam
IL,4,,Jewish boys,,2021,N,7,N-IL-4-M-7,M,Eitan,Eitan
IL,4,,Jewish boys,,2021,N,8,N-IL-4-M-8,M,Ari,Ari
IL,4,,Jewish boys,,2021,N,9,N-IL-4-M-9,M,Daniel,Daniel
IL,4,,Jewish boys,,2021,N,10,N-IL-4-M-10,M,Yehuda,Yehuda
IL,4,,Jewish girls,,2021,N,1,N-IL-4-F-1,F,Avigail,Avigail
IL,4,,Jewish girls,,2021,N,2,N-IL-4-F-2,F,Tamar,Tamar
IL,4,,Jewish girls,,2021,N,3,N-IL-4-F-3,F,Noa,Noa
IL,4,,Jewish girls,,2021,N,4,N-IL-4-F-4,F,Sarah,Sarah
IL,4,,Jewish girls,,2021,N,5,N-IL-4-F-5,F,Adele,Adele
IL,4,,Jewish girls,,2021,N,6,N-IL-4-F-6,F,Maya,Maya
IL,4,,Jewish girls,,2021,N,7,N-IL-4-F-7,F,Lia,Lia
IL,4,,Jewish girls,,2021,N,8,N-IL-4-F-8,F,Ayala,Ayala
IN,1,,,BabyCenter,2021,N,1,N-IN-1-F-1,F,Aditi,Aditi
IN,1,,,BabyCenter,2021,N,2,N-IN-1-F-2,F,Inaya,Inaya
IN,1,,,BabyCenter,2021,N,3,N-IN-1-F-3,F,Aarya,Aarya
IN,1,,,BabyCenter,2021,N,4,N-IN-1-F-4,F,Kiara,Kiara
IN,1,,,BabyCenter,2021,N,5,N-IN-1-F-5,F,Aadhya,Aadhya
IN,1,,,BabyCenter,2021,N,6,N-IN-1-F-6,F,Vamika,Vamika
IN,1,,,BabyCenter,2021,N,7,N-IN-1-F-7,F,Pari,Pari
IN,1,,,BabyCenter,2021,N,8,N-IN-1-F-8,F,Jiya,Jiya
IN,1,,,BabyCenter,2021,N,9,N-IN-1-F-9,F,Mehar,Mehar
IN,1,,,BabyCenter,2021,N,10,N-IN-1-F-10,F,Amayra,Amayra
IN,1,,,BabyCenter,2022,N,1,N-IN-1-M-1,M,Muhammad,Muhammad
IN,1,,,BabyCenter,2022,N,2,N-IN-1-M-2,M,Shivansh,Shivansh
IN,1,,,BabyCenter,2022,N,3,N-IN-1-M-3,M,Dhruv,Dhruv
IN,1,,,BabyCenter,2022,N,4,N-IN-1-M-4,M,Kabir,Kabir
IN,1,,,BabyCenter,2022,N,5,N-IN-1-M-5,M,Vedant,Vedant
IN,1,,,BabyCenter,2022,N,6,N-IN-1-M-6,M,Kiaan,Kiaan
IN,1,,,BabyCenter,2022,N,7,N-IN-1-M-7,M,Aarav,Aarav
IN,1,,,BabyCenter,2022,N,8,N-IN-1-M-8,M,Arjun,Arjun
IN,1,,,BabyCenter,2022,N,9,N-IN-1-M-9,M,Viraj,Viraj
IN,1,,,BabyCenter,2022,N,10,N-IN-1-M-10,M,Krishna,Krishna
IS,1,,Babies born,,2021,N,1,N-IS-1-F-1,F,Embla,Embla
IS,1,,Babies born,,2021,N,2,N-IS-1-F-2,F,Emilía,Emilía
IS,1,,Babies born,,2021,N,3,N-IS-1-F-3,F,Sara,Sara
IS,1,,Babies born,,2021,N,4,N-IS-1-F-4,F,Sóley,Sóley
IS,1,,Babies born,,2021,N,5,N-IS-1-F-5,F,Aþena,Aþena
IS,1,,Babies born,,2021,N,6,N-IS-1-F-6,F,Matthildur,Matthildur
IS,1,,Babies born,,2021,N,7,N-IS-1-F-7,F,Katla,Katla
IS,1,,Babies born,,2021,N,8,N-IS-1-F-8,F,Guðrún,Guðrún
IS,1,,Babies born,,2021,N,9,N-IS-1-F-9,F,Eva,Eva
IS,1,,Babies born,,2021,N,10,N-IS-1-F-10,F,Saga,Saga
IS,1,,Babies born,,2021,N,11,N-IS-1-F-11,F,Viktoría,Viktoría
IS,1,,Babies born,,2021,N,1,N-IS-1-M-1,M,Aron,Aron
IS,1,,Babies born,,2021,N,2,N-IS-1-M-2,M,Jökull,Jökull
IS,1,,Babies born,,2021,N,3,N-IS-1-M-3,M,Alexander,Alexander
IS,1,,Babies born,,2021,N,4,N-IS-1-M-4,M,Kári,Kári
IS,1,,Babies born,,2021,N,5,N-IS-1-M-5,M,Emil,Emil
IS,1,,Babies born,,2021,N,6,N-IS-1-M-6,M,Jón,Jón
IS,1,,Babies born,,2021,N,7,N-IS-1-M-7,M,Óliver,Óliver
IS,1,,Babies born,,2021,N,8,N-IS-1-M-8,M,Matthías,Matthías
IS,1,,Babies born,,2021,N,9,N-IS-1-M-9,M,Mikael,Mikael
IS,1,,Babies born,,2021,N,10,N-IS-1-M-10,M,Atlas,Atlas
IS,1,,Babies born,,2021,N,11,N-IS-1-M-11,M,Elmar,Elmar
IT,1,,,,2021,N,1,N-IT-1-F-1,F,Sofia,Sofia
IT,1,,,,2021,N,2,N-IT-1-F-2,F,Aurora,Aurora
IT,1,,,,2021,N,3,N-IT-1-F-3,F,Giulia,Giulia
IT,1,,,,2021,N,4,N-IT-1-F-4,F,Ginevra,Ginevra
IT,1,,,,2021,N,5,N-IT-1-F-5,F,Beatrice,Beatrice
IT,1,,,,2021,N,6,N-IT-1-F-6,F,Alice,Alice
IT,1,,,,2021,N,7,N-IT-1-F-7,F,Vittoria,Vittoria
IT,1,,,,2021,N,8,N-IT-1-F-8,F,Emma,Emma
IT,1,,,,2021,N,9,N-IT-1-F-9,F,Ludovica,Ludovica
IT,1,,,,2021,N,10,N-IT-1-F-10,F,Matilde,Matilde
IT,1,,,,2021,N,1,N-IT-1-M-1,M,Leonardo,Leonardo
IT,1,,,,2021,N,2,N-IT-1-M-2,M,Alessandro,Alessandro
IT,1,,,,2021,N,3,N-IT-1-M-3,M,Tommaso,Tommaso
IT,1,,,,2021,N,4,N-IT-1-M-4,M,Francesco,Francesco
IT,1,,,,2021,N,5,N-IT-1-M-5,M,Lorenzo,Lorenzo
IT,1,,,,2021,N,6,N-IT-1-M-6,M,Edoardo,Edoardo
IT,1,,,,2021,N,7,N-IT-1-M-7,M,Mattia,Mattia
IT,1,,,,2021,N,8,N-IT-1-M-8,M,Riccardo,Riccardo
IT,1,,,,2021,N,9,N-IT-1-M-9,M,Gabriele,Gabriele
IT,1,,,,2021,N,10,N-IT-1-M-10,M,Andrea,Andrea
LT,1,,,,2022,N,1,N-LT-1-F-1,F,Sofija,Sofija
LT,1,,,,2022,N,2,N-LT-1-F-2,F,Emilija,Emilija
LT,1,,,,2022,N,3,N-LT-1-F-3,F,Luknė,Luknė
LT,1,,,,2022,N,4,N-LT-1-F-4,F,Amelija,Amelija
LT,1,,,,2022,N,5,N-LT-1-F-5,F,Kamilė,Kamilė
LT,1,,,,2022,N,6,N-LT-1-F-6,F,Lėja,Lėja
LT,1,,,,2022,N,7,N-LT-1-F-7,F,Gabija,Gabija
LT,1,,,,2022,N,8,N-LT-1-F-8,F,Patricija,Patricija
LT,1,,,,2022,N,9,N-LT-1-F-9,F,Elija,Elija
LT,1,,,,2022,N,10,N-LT-1-F-10,F,Liepa,Liepa
LT,1,,,,2022,N,1,N-LT-1-M-1,M,Markas,Markas
LT,1,,,,2022,N,2,N-LT-1-M-2,M,Benas,Benas
LT,1,,,,2022,N,3,N-LT-1-M-3,M,Jokūbas,Jokūbas
LT,1,,,,2022,N,4,N-LT-1-M-4,M,Dominykas,Dominykas
LT,1,,,,2022,N,5,N-LT-1-M-5,M,Herkus,Herkus
LT,1,,,,2022,N,6,N-LT-1-M-6,M,Lukas,Lukas
LT,1,,,,2022,N,7,N-LT-1-M-7,M,Jonas,Jonas
LT,1,,,,2022,N,8,N-LT-1-M-8,M,Matas,Matas
LT,1,,,,2022,N,9,N-LT-1-M-9,M,Kajus,Kajus
LT,1,,,,2022,N,10,N-LT-1-M-10,M,Adomas,Adomas
LU,1,,Babies born,,2014,N,1,N-LU-1-F-1,F,Emma,Emma
LU,1,,Babies born,,2014,N,2,N-LU-1-F-2,F,Lara,Lara
LU,1,,Babies born,,2014,N,3,N-LU-1-F-3,F,Zoé,Zoé
LU,1,,Babies born,,2014,N,4,N-LU-1-F-4,F,Amy,Amy
LU,1,,Babies born,,2014,N,5,N-LU-1-F-5,F,Sarah,Sarah
LU,1,,Babies born,,2014,N,6,N-LU-1-F-6,F,Charlotte,Charlotte
LU,1,,Babies born,,2014,N,7,N-LU-1-F-7,F,Emily,Emily
LU,1,,Babies born,,2014,N,1,N-LU-1-M-1,M,Gabriel,Gabriel
LU,1,,Babies born,,2014,N,2,N-LU-1-M-2,M,Leo,Leo
LU,1,,Babies born,,2014,N,3,N-LU-1-M-3,M,Luca,Luca
LU,1,,Babies born,,2014,N,4,N-LU-1-M-4,M,Noah,Noah
LU,1,,Babies born,,2014,N,5,N-LU-1-M-5,M,David,David
LU,1,,Babies born,,2014,N,6,N-LU-1-M-6,M,Tom,Tom
LU,1,,Babies born,,2014,N,7,N-LU-1-M-7,M,Ben,Ben
LV,1,,,,2021,N,1,N-LV-1-F-1,F,Sofija,Sofija
LV,1,,,,2021,N,2,N-LV-1-F-2,F,Alise,Alise
LV,1,,,,2021,N,3,N-LV-1-F-3,F,Marta,Marta
LV,1,,,,2021,N,4,N-LV-1-F-4,F,Amēlija,Amēlija
LV,1,,,,2021,N,5,N-LV-1-F-5,F,Paula,Paula
LV,1,,,,2021,N,6,N-LV-1-F-6,F,Anna,Anna
LV,1,,,,2021,N,7,N-LV-1-F-7,F,Emma,Emma
LV,1,,,,2021,N,8,N-LV-1-F-8,F,Dārta,Dārta
LV,1,,,,2021,N,9,N-LV-1-F-9,F,Elza,Elza
LV,1,,,,2021,N,1,N-LV-1-M-1,M,Marks,Marks
LV,1,,,,2021,N,2,N-LV-1-M-2,M,Roberts,Roberts
LV,1,,,,2021,N,3,N-LV-1-M-3,M,Gustavs,Gustavs
LV,1,,,,2021,N,4,N-LV-1-M-4,M,Jēkabs,Jēkabs
LV,1,,,,2021,N,5,N-LV-1-M-5,M,Emīls,Emīls
LV,1,,,,2021,N,6,N-LV-1-M-6,M,Kārlis,Kārlis
LV,1,,,,2021,N,7,N-LV-1-M-7,M,Adrians,Adrians
LV,1,,,,2021,N,8,N-LV-1-M-8,M,Daniels,Daniels
LV,1,,,,2021,N,9,N-LV-1-M-9,M,Ralfs,Ralfs
MD,1,,,,2021,N,1,N-MD-1-F-1,F,Sofia,Sofia
MD,1,,,,2021,N,2,N-MD-1-F-2,F,Amelia,Amelia
MD,1,,,,2021,N,3,N-MD-1-F-3,F,Victoria,Victoria
MD,1,,,,2021,N,4,N-MD-1-F-4,F,Daria,Daria
MD,1,,,,2021,N,5,N-MD-1-F-5,F,Anastasia,Anastasia
MD,1,,,,2021,N,6,N-MD-1-F-6,F,Maria,Maria
MD,1,,,,2021,N,7,N-MD-1-F-7,F,Eva,Eva
MD,1,,,,2021,N,8,N-MD-1-F-8,F,Alexandra,Alexandra
MD,1,,,,2021,N,9,N-MD-1-F-9,F,Evelina,Evelina
MD,1,,,,2021,N,10,N-MD-1-F-10,F,Emma,Emma
MD,1,,,,2021,N,1,N-MD-1-M-1,M,David,David
MD,1,,,,2021,N,2,N-MD-1-M-2,M,Matei,Matei
MD,1,,,,2021,N,3,N-MD-1-M-3,M,Maxim,Maxim
MD,1,,,,2021,N,4,N-MD-1-M-4,M,Daniel,Daniel
MD,1,,,,2021,N,5,N-MD-1-M-5,M,Bogdan,Bogdan
MD,1,,,,2021,N,6,N-MD-1-M-6,M,Alexandru,Alexandru
MD,1,,,,2021,N,7,N-MD-1-M-7,M,Damian,Damian
MD,1,,,,2021,N,8,N-MD-1-M-8,M,Mark,Mark
MD,1,,,,2021,N,9,N-MD-1-M-9,M,Artiom,Artiom
MD,1,,,,2021,N,10,N-MD-1-M-10,M,Ion,Ion
ME,1,,,,2021,N,1,N-ME-1-F-1,F,Sofija,Sofija
ME,1,,,,2021,N,2,N-ME-1-F-2,F,Dunja,Dunja
ME,1,,,,2021,N,3,N-ME-1-F-3,F,Bogdana,Bogdana
ME,1,,,,2021,N,4,N-ME-1-F-4,F,Teodora,Teodora
ME,1,,,,2021,N,5,N-ME-1-F-5,F,Sara,Sara
ME,1,,,,2021,N,6,N-ME-1-F-6,F,Maša,Maša
ME,1,,,,2021,N,7,N-ME-1-F-7,F,Mila,Mila
ME,1,,,,2021,N,8,N-ME-1-F-8,F,Ksenija,Ksenija
ME,1,,,,2021,N,9,N-ME-1-F-9,F,Tara,Tara
ME,1,,,,2021,N,10,N-ME-1-F-10,F,Anastasija,Anastasija
ME,1,,,,2021,N,1,N-ME-1-M-1,M,Luka,Luka
ME,1,,,,2021,N,2,N-ME-1-M-2,M,Lazar,Lazar
ME,1,,,,2021,N,3,N-ME-1-M-3,M,Vuk,Vuk
ME,1,,,,2021,N,4,N-ME-1-M-4,M,Bogdan,Bogdan
ME,1,,,,2021,N,5,N-ME-1-M-5,M,Vasilije,Vasilije
ME,1,,,,2021,N,6,N-ME-1-M-6,M,Petar,Petar
ME,1,,,,2021,N,7,N-ME-1-M-7,M,Jakov,Jakov
ME,1,,,,2021,N,8,N-ME-1-M-8,M,Viktor,Viktor
ME,1,,,,2021,N,9,N-ME-1-M-9,M,Andrej,Andrej
ME,1,,,,2021,N,10,N-ME-1-M-10,M,Jovan,Jovan
MK,1,,General population,,2012,N,1,N-MK-1-F-1,F,Marija,Marija
MK,1,,General population,,2012,N,2,N-MK-1-F-2,F,Elena,Elena
MK,1,,General population,,2012,N,3,N-MK-1-F-3,F,Biljana,Biljana
MK,1,,General population,,2012,N,4,N-MK-1-F-4,F,Vesna,Vesna
MK,1,,General population,,2012,N,5,N-MK-1-F-5,F,Snezana,Snezana
MK,1,,General population,,2012,N,6,N-MK-1-F-6,F,Violeta,Violeta
MK,1,,General population,,2012,N,7,N-MK-1-F-7,F,Aleksandra,Aleksandra
MK,1,,General population,,2012,N,8,N-MK-1-F-8,F,Suzana,Suzana
MK,1,,General population,,2012,N,9,N-MK-1-F-9,F,Katerina,Katerina
MK,1,,General population,,2012,N,10,N-MK-1-F-10,F,Ivana,Ivana
MK,1,,General population,,2012,N,1,N-MK-1-M-1,M,Aleksandar,Aleksandar
MK,1,,General population,,2012,N,2,N-MK-1-M-2,M,Zoran,Zoran
MK,1,,General population,,2012,N,3,N-MK-1-M-3,M,Nikola,Nikola
MK,1,,General population,,2012,N,4,N-MK-1-M-4,M,Goran,Goran
MK,1,,General population,,2012,N,5,N-MK-1-M-5,M,Dragan,Dragan
MK,1,,General population,,2012,N,6,N-MK-1-M-6,M,Dejan,Dejan
MK,1,,General population,,2012,N,7,N-MK-1-M-7,M,Petar,Petar
MK,1,,General population,,2012,N,8,N-MK-1-M-8,M,Igor,Igor
MK,1,,General population,,2012,N,9,N-MK-1-M-9,M,Ilija,Ilija
MK,1,,General population,,2012,N,10,N-MK-1-M-10,M,Stefan,Stefan
MT,1,,,,2022,N,1,N-MT-1-F-1,F,Mia,Mia
MT,1,,,,2022,N,2,N-MT-1-F-2,F,Emma,Emma
MT,1,,,,2022,N,3,N-MT-1-F-3,F,Nina,Nina
MT,1,,,,2022,N,4,N-MT-1-F-4,F,Giulia,Giulia
MT,1,,,,2022,N,1,N-MT-1-M-1,M,Luca,Luca
MT,1,,,,2022,N,2,N-MT-1-M-2,M,Liam,Liam
MT,1,,,,2022,N,3,N-MT-1-M-3,M,Noah,Noah
MT,1,,,,2022,N,4,N-MT-1-M-4,M,Matteo,Matteo
MX,1,,,,2021,N,1,N-MX-1-F-1,F,Sofía,Sofía
MX,1,,,,2021,N,2,N-MX-1-F-2,F,Valentina,Valentina
MX,1,,,,2021,N,3,N-MX-1-F-3,F,Regina,Regina
MX,1,,,,2021,N,4,N-MX-1-F-4,F,María José,María José
MX,1,,,,2021,N,5,N-MX-1-F-5,F,Ximena,Ximena
MX,1,,,,2021,N,6,N-MX-1-F-6,F,Camila,Camila
MX,1,,,,2021,N,7,N-MX-1-F-7,F,María Fernanda,María Fernanda
MX,1,,,,2021,N,8,N-MX-1-F-8,F,Valeria,Valeria
MX,1,,,,2021,N,9,N-MX-1-F-9,F,Victoria,Victoria
MX,1,,,,2021,N,10,N-MX-1-F-10,F,Renata,Renata
MX,1,,,,2021,N,1,N-MX-1-M-1,M,Santiago,Santiago
MX,1,,,,2021,N,2,N-MX-1-M-2,M,Mateo,Mateo
MX,1,,,,2021,N,3,N-MX-1-M-3,M,Sebastián,Sebastián
MX,1,,,,2021,N,4,N-MX-1-M-4,M,Leordo,Leordo
MX,1,,,,2021,N,5,N-MX-1-M-5,M,Matías,Matías
MX,1,,,,2021,N,6,N-MX-1-M-6,M,Emiliano,Emiliano
MX,1,,,,2021,N,7,N-MX-1-M-7,M,Diego,Diego
MX,1,,,,2021,N,8,N-MX-1-M-8,M,Daniel,Daniel
MX,1,,,,2021,N,9,N-MX-1-M-9,M,Miguel Ángel,Miguel Ángel
MX,1,,,,2021,N,10,N-MX-1-M-10,M,Alexander,Alexander
NL,1,,,,2022,N,1,N-NL-1-F-1,F,Emma,Emma
NL,1,,,,2022,N,2,N-NL-1-F-2,F,Julia,Julia
NL,1,,,,2022,N,3,N-NL-1-F-3,F,Mila,Mila
NL,1,,,,2022,N,4,N-NL-1-F-4,F,Sophie,Sophie
NL,1,,,,2022,N,5,N-NL-1-F-5,F,Olivia,Olivia
NL,1,,,,2022,N,6,N-NL-1-F-6,F,Yara,Yara
NL,1,,,,2022,N,7,N-NL-1-F-7,F,Saar,Saar
NL,1,,,,2022,N,8,N-NL-1-F-8,F,Nora,Nora
NL,1,,,,2022,N,9,N-NL-1-F-9,F,Tess,Tess
NL,1,,,,2022,N,10,N-NL-1-F-10,F,Noor,Noor
NL,1,,,,2022,N,1,N-NL-1-M-1,M,Noah,Noah
NL,1,,,,2022,N,2,N-NL-1-M-2,M,Liam,Liam
NL,1,,,,2022,N,3,N-NL-1-M-3,M,Luca,Luca
NL,1,,,,2022,N,4,N-NL-1-M-4,M,Lucas,Lucas
NL,1,,,,2022,N,5,N-NL-1-M-5,M,Mees,Mees
NL,1,,,,2022,N,6,N-NL-1-M-6,M,Finn,Finn
NL,1,,,,2022,N,7,N-NL-1-M-7,M,James,James
NL,1,,,,2022,N,8,N-NL-1-M-8,M,Milan,Milan
NL,1,,,,2022,N,9,N-NL-1-M-9,M,Levi,Levi
NL,1,,,,2022,N,10,N-NL-1-M-10,M,Sem,Sem
NO,1,,,,2022,N,1,N-NO-1-F-1,F,Nora,Nora
NO,1,,,,2022,N,2,N-NO-1-F-2,F,Emma,Emma
NO,1,,,,2022,N,3,N-NO-1-F-3,F,Olivia,Olivia
NO,1,,,,2022,N,4,N-NO-1-F-4,F,Ella,Ella
NO,1,,,,2022,N,5,N-NO-1-F-5,F,Sofie,Sofie
NO,1,,,,2022,N,6,N-NO-1-F-6,F,Leah,Leah
NO,1,,,,2022,N,7,N-NO-1-F-7,F,Frida,Frida
NO,1,,,,2022,N,8,N-NO-1-F-8,F,Iben,Iben
NO,1,,,,2022,N,9,N-NO-1-F-9,F,Sofia,Sofia
NO,1,,,,2022,N,10,N-NO-1-F-10,F,Sara,Sara
NO,1,,,,2022,N,1,N-NO-1-M-1,M,Jakob,Jakob
NO,1,,,,2022,N,2,N-NO-1-M-2,M,Noah,Noah
NO,1,,,,2022,N,3,N-NO-1-M-3,M,Emil,Emil
NO,1,,,,2022,N,4,N-NO-1-M-4,M,Lucas,Lucas
NO,1,,,,2022,N,5,N-NO-1-M-5,M,Oliver,Oliver
NO,1,,,,2022,N,6,N-NO-1-M-6,M,Isak,Isak
NO,1,,,,2022,N,7,N-NO-1-M-7,M,William,William
NO,1,,,,2022,N,8,N-NO-1-M-8,M,Filip,Filip
NO,1,,,,2022,N,9,N-NO-1-M-9,M,Aksel,Aksel
NO,1,,,,2022,N,10,N-NO-1-M-10,M,Theodor,Theodor
NP,1,,,,,N,1,N-NP-1-F-1,F,Shristi,Shristi
NP,1,,,,,N,2,N-NP-1-F-2,F,Sunita,Sunita
NP,1,,,,,N,3,N-NP-1-F-3,F,Rabina,Rabina
NP,1,,,,,N,4,N-NP-1-F-4,F,Asmita,Asmita
NP,1,,,,,N,5,N-NP-1-F-5,F,Niharika,Niharika
NP,1,,,,,N,6,N-NP-1-F-6,F,Binita,Binita
NP,1,,,,,N,7,N-NP-1-F-7,F,Aasha,Aasha
NP,1,,,,,N,8,N-NP-1-F-8,F,Kabita,Kabita
NP,1,,,,,N,9,N-NP-1-F-9,F,Sita,Sita
NP,1,,,,,N,10,N-NP-1-F-10,F,Gita,Gita
NP,1,,,,,N,1,N-NP-1-M-1,M,Krishna,Krishna
NP,1,,,,,N,2,N-NP-1-M-2,M,Kiran,Kiran
NP,1,,,,,N,3,N-NP-1-M-3,M,Bishal,Bishal
NP,1,,,,,N,4,N-NP-1-M-4,M,Bibek,Bibek
NP,1,,,,,N,5,N-NP-1-M-5,M,Siddhartha,Siddhartha
NP,1,,,,,N,6,N-NP-1-M-6,M,Manish,Manish
NP,1,,,,,N,7,N-NP-1-M-7,M,Mahesh,Mahesh
NP,1,,,,,N,8,N-NP-1-M-8,M,Kamal,Kamal
NP,1,,,,,N,9,N-NP-1-M-9,M,Prem,Prem
NP,1,,,,,N,10,N-NP-1-M-10,M,Prakash,Prakash
NZ,1,,Māori,,2021,N,1,N-NZ-1-F-1,F,Mia,Mia
NZ,1,,Māori,,2021,N,2,N-NZ-1-F-2,F,Aria,Aria
NZ,1,,Māori,,2021,N,3,N-NZ-1-F-3,F,Maia,Maia
NZ,1,,Māori,,2021,N,4,N-NZ-1-F-4,F,Aurora,Aurora
NZ,1,,Māori,,2021,N,5,N-NZ-1-F-5,F,Amaia,Amaia
NZ,1,,Māori,,2021,N,6,N-NZ-1-F-6,F,Kiara,Kiara
NZ,1,,Māori,,2021,N,7,N-NZ-1-F-7,F,Kaia,Kaia
NZ,1,,Māori,,2021,N,8,N-NZ-1-F-8,F,Amara,Amara
NZ,1,,Māori,,2021,N,9,N-NZ-1-F-9,F,Kora,Kora
NZ,1,,Māori,,2021,N,10,N-NZ-1-F-10,F,Maria,Maria
NZ,1,,Māori,,2021,N,1,N-NZ-1-M-1,M,Nikau,Nikau
NZ,1,,Māori,,2021,N,2,N-NZ-1-M-2,M,Ari,Ari
NZ,1,,Māori,,2021,N,3,N-NZ-1-M-3,M,Niko,Niko
NZ,1,,Māori,,2021,N,4,N-NZ-1-M-4,M,Koa,Koa
NZ,1,,Māori,,2021,N,5,N-NZ-1-M-5,M,Mateo,Mateo
NZ,1,,Māori,,2021,N,6,N-NZ-1-M-6,M,Keanu,Keanu
NZ,1,,Māori,,2021,N,7,N-NZ-1-M-7,M,Mikaere,Mikaere
NZ,1,,Māori,,2021,N,8,N-NZ-1-M-8,M,Manaia,Manaia
NZ,1,,Māori,,2021,N,9,N-NZ-1-M-9,M,Kairo,Kairo
NZ,1,,Māori,,2021,N,10,N-NZ-1-M-10,M,Kiwa,Kiwa
NZ,2,,,,2022,N,1,N-NZ-2-F-1,F,Isla,Isla
NZ,2,,,,2022,N,2,N-NZ-2-F-2,F,Amelia,Amelia
NZ,2,,,,2022,N,3,N-NZ-2-F-3,F,Charlotte,Charlotte
NZ,2,,,,2022,N,4,N-NZ-2-F-4,F,Mila,Mila
NZ,2,,,,2022,N,5,N-NZ-2-F-5,F,Lily,Lily
NZ,2,,,,2022,N,6,N-NZ-2-F-6,F,Ava,Ava
NZ,2,,,,2022,N,7,N-NZ-2-F-7,F,Willow,Willow
NZ,2,,,,2022,N,8,N-NZ-2-F-8,F,Olivia,Olivia
NZ,2,,,,2022,N,9,N-NZ-2-F-9,F,Harper,Harper
NZ,2,,,,2022,N,10,N-NZ-2-F-10,F,Sophie,Sophie
NZ,2,,,,2022,N,1,N-NZ-2-M-1,M,Oliver,Oliver
NZ,2,,,,2022,N,2,N-NZ-2-M-2,M,Noah,Noah
NZ,2,,,,2022,N,3,N-NZ-2-M-3,M,Leo,Leo
NZ,2,,,,2022,N,4,N-NZ-2-M-4,M,Jack,Jack
NZ,2,,,,2022,N,5,N-NZ-2-M-5,M,Luca,Luca
NZ,2,,,,2022,N,6,N-NZ-2-M-6,M,Theodore,Theodore
NZ,2,,,,2022,N,7,N-NZ-2-M-7,M,George,George
NZ,2,,,,2022,N,8,N-NZ-2-M-8,M,Charlie,Charlie
NZ,2,,,,2022,N,9,N-NZ-2-M-9,M,Hudson,Hudson
NZ,2,,,,2022,N,10,N-NZ-2-M-10,M,William,William
PE,1,,,,2020,N,1,N-PE-1-F-1,F,Mia,Mia
PE,1,,,,2020,N,2,N-PE-1-F-2,F,Camila,Camila
PE,1,,,,2020,N,3,N-PE-1-F-3,F,Alessia,Alessia
PE,1,,,,2020,N,4,N-PE-1-F-4,F,Luciana,Luciana
PE,1,,,,2020,N,5,N-PE-1-F-5,F,Zoe,Zoe
PE,1,,,,2020,N,6,N-PE-1-F-6,F,Valentina,Valentina
PE,1,,,,2020,N,7,N-PE-1-F-7,F,Aitana,Aitana
PE,1,,,,2020,N,8,N-PE-1-F-8,F,Danna,Danna
PE,1,,,,2020,N,9,N-PE-1-F-9,F,Luana,Luana
PE,1,,,,2020,N,10,N-PE-1-F-10,F,Ariana,Ariana
PE,1,,,,2020,N,1,N-PE-1-M-1,M,Liam,Liam
PE,1,,,,2020,N,2,N-PE-1-M-2,M,Thiago,Thiago
PE,1,,,,2020,N,3,N-PE-1-M-3,M,Dylan,Dylan
PE,1,,,,2020,N,4,N-PE-1-M-4,M,Gael,Gael
PE,1,,,,2020,N,5,N-PE-1-M-5,M,Mateo,Mateo
PE,1,,,,2020,N,6,N-PE-1-M-6,M,Ian,Ian
PE,1,,,,2020,N,7,N-PE-1-M-7,M,Luis,Luis
PE,1,,,,2020,N,8,N-PE-1-M-8,M,Lucas,Lucas
PE,1,,,,2020,N,9,N-PE-1-M-9,M,Santiago,Santiago
PE,1,,,,2020,N,10,N-PE-1-M-10,M,Juan,Juan
PH,1,,,,2021,N,1,N-PH-1-F-1,F,Althea,Althea
PH,1,,,,2021,N,2,N-PH-1-F-2,F,Angel,Angel
PH,1,,,,2021,N,3,N-PH-1-F-3,F,Samantha,Samantha
PH,1,,,,2021,N,4,N-PH-1-F-4,F,Sophia,Sophia
PH,1,,,,2021,N,5,N-PH-1-F-5,F,Sofia,Sofia
PH,1,,,,2021,N,6,N-PH-1-F-6,F,Andrea,Andrea
PH,1,,,,2021,N,7,N-PH-1-F-7,F,Nathalie,Nathalie
PH,1,,,,2021,N,8,N-PH-1-F-8,F,Princess,Princess
PH,1,,,,2021,N,9,N-PH-1-F-9,F,Angela,Angela
PH,1,,,,2021,N,10,N-PH-1-F-10,F,Chloe,Chloe
PH,1,,,,2021,N,1,N-PH-1-M-1,M,Jacob,Jacob
PH,1,,,,2021,N,2,N-PH-1-M-2,M,Nathaniel,Nathaniel
PH,1,,,,2021,N,3,N-PH-1-M-3,M,Gabriel,Gabriel
PH,1,,,,2021,N,4,N-PH-1-M-4,M,Ezekiel,Ezekiel
PH,1,,,,2021,N,5,N-PH-1-M-5,M,Nathan,Nathan
PH,1,,,,2021,N,6,N-PH-1-M-6,M,Ethan,Ethan
PH,1,,,,2021,N,7,N-PH-1-M-7,M,Angelo,Angelo
PH,1,,,,2021,N,8,N-PH-1-M-8,M,James,James
PH,1,,,,2021,N,9,N-PH-1-M-9,M,Matthew,Matthew
PH,1,,,,2021,N,10,N-PH-1-M-10,M,Zion,Zion
PL,1,,,,2022,N,1,N-PL-1-F-1,F,Zofia,Zofia
PL,1,,,,2022,N,2,N-PL-1-F-2,F,Zuzanna,Zuzanna
PL,1,,,,2022,N,3,N-PL-1-F-3,F,Hanna,Hanna
PL,1,,,,2022,N,4,N-PL-1-F-4,F,Maja,Maja
PL,1,,,,2022,N,5,N-PL-1-F-5,F,Laura,Laura
PL,1,,,,2022,N,6,N-PL-1-F-6,F,Julia,Julia
PL,1,,,,2022,N,7,N-PL-1-F-7,F,Oliwia,Oliwia
PL,1,,,,2022,N,8,N-PL-1-F-8,F,Alicja,Alicja
PL,1,,,,2022,N,9,N-PL-1-F-9,F,Lena,Lena
PL,1,,,,2022,N,10,N-PL-1-F-10,F,Pola,Pola
PL,1,,,,2022,N,1,N-PL-1-M-1,M,Antoni,Antoni
PL,1,,,,2022,N,2,N-PL-1-M-2,M,Jan,Jan
PL,1,,,,2022,N,3,N-PL-1-M-3,M,Aleksander,Aleksander
PL,1,,,,2022,N,4,N-PL-1-M-4,M,Franciszek,Franciszek
PL,1,,,,2022,N,5,N-PL-1-M-5,M,Nikodem,Nikodem
PL,1,,,,2022,N,6,N-PL-1-M-6,M,Jakub,Jakub
PL,1,,,,2022,N,7,N-PL-1-M-7,M,Leon,Leon
PL,1,,,,2022,N,8,N-PL-1-M-8,M,Stanisław,Stanisław
PL,1,,,,2022,N,9,N-PL-1-M-9,M,Mikołaj,Mikołaj
PL,1,,,,2022,N,10,N-PL-1-M-10,M,Szymon,Szymon
PT,1,,,,2022,N,1,N-PT-1-F-1,F,Maria,Maria
PT,1,,,,2022,N,2,N-PT-1-F-2,F,Alice,Alice
PT,1,,,,2022,N,3,N-PT-1-F-3,F,Leonor,Leonor
PT,1,,,,2022,N,4,N-PT-1-F-4,F,Matilde,Matilde
PT,1,,,,2022,N,5,N-PT-1-F-5,F,Benedita,Benedita
PT,1,,,,2022,N,6,N-PT-1-F-6,F,Carolina,Carolina
PT,1,,,,2022,N,7,N-PT-1-F-7,F,Beatriz,Beatriz
PT,1,,,,2022,N,8,N-PT-1-F-8,F,Margarida,Margarida
PT,1,,,,2022,N,9,N-PT-1-F-9,F,Francisca,Francisca
PT,1,,,,2022,N,10,N-PT-1-F-10,F,Camila,Camila
PT,1,,,,2022,N,1,N-PT-1-M-1,M,Francisco,Francisco
PT,1,,,,2022,N,2,N-PT-1-M-2,M,Afonso,Afonso
PT,1,,,,2022,N,3,N-PT-1-M-3,M,João,João
PT,1,,,,2022,N,4,N-PT-1-M-4,M,Tomás,Tomás
PT,1,,,,2022,N,5,N-PT-1-M-5,M,Duarte,Duarte
PT,1,,,,2022,N,6,N-PT-1-M-6,M,Lourenço,Lourenço
PT,1,,,,2022,N,7,N-PT-1-M-7,M,Santiago,Santiago
PT,1,,,,2022,N,8,N-PT-1-M-8,M,Martim,Martim
PT,1,,,,2022,N,9,N-PT-1-M-9,M,Miguel,Miguel
PT,1,,,,2022,N,10,N-PT-1-M-10,M,Gabriel,Gabriel
PY,1,,General population,,2015,N,1,N-PY-1-F-1,F,María,María
PY,1,,General population,,2015,N,2,N-PY-1-F-2,F,Elizabeth,Elizabeth
PY,1,,General population,,2015,N,3,N-PY-1-F-3,F,Beatriz,Beatriz
PY,1,,General population,,2015,N,4,N-PY-1-F-4,F,Ramona,Ramona
PY,1,,General population,,2015,N,5,N-PY-1-F-5,F,Liz,Liz
PY,1,,General population,,2015,N,6,N-PY-1-F-6,F,Concepción,Concepción
PY,1,,General population,,2015,N,7,N-PY-1-F-7,F,Carolina,Carolina
PY,1,,General population,,2015,N,8,N-PY-1-F-8,F,Mabel,Mabel
PY,1,,General population,,2015,N,9,N-PY-1-F-9,F,Raquel,Raquel
PY,1,,General population,,2015,N,10,N-PY-1-F-10,F,Noemí,Noemí
PY,1,,General population,,2015,N,1,N-PY-1-M-1,M,Ramón,Ramón
PY,1,,General population,,2015,N,2,N-PY-1-M-2,M,Juan,Juan
PY,1,,General population,,2015,N,3,N-PY-1-M-3,M,José,José
PY,1,,General population,,2015,N,4,N-PY-1-M-4,M,Antonio,Antonio
PY,1,,General population,,2015,N,5,N-PY-1-M-5,M,Carlos,Carlos
PY,1,,General population,,2015,N,6,N-PY-1-M-6,M,Daniel,Daniel
PY,1,,General population,,2015,N,7,N-PY-1-M-7,M,Luis,Luis
PY,1,,General population,,2015,N,8,N-PY-1-M-8,M,Javier,Javier
PY,1,,General population,,2015,N,9,N-PY-1-M-9,M,David,David
PY,1,,General population,,2015,N,10,N-PY-1-M-10,M,César,César
RO,1,,,,2020,N,1,N-RO-1-F-1,F,Sofia,Sofia
RO,1,,,,2020,N,2,N-RO-1-F-2,F,Amelia,Amelia
RO,1,,,,2020,N,3,N-RO-1-F-3,F,Anastasia,Anastasia
RO,1,,,,2020,N,4,N-RO-1-F-4,F,Maria,Maria
RO,1,,,,2020,N,5,N-RO-1-F-5,F,Victoria,Victoria
RO,1,,,,2020,N,6,N-RO-1-F-6,F,Daria,Daria
RO,1,,,,2020,N,7,N-RO-1-F-7,F,Eva,Eva
RO,1,,,,2020,N,8,N-RO-1-F-8,F,Alexandra,Alexandra
RO,1,,,,2020,N,9,N-RO-1-F-9,F,Evelina,Evelina
RO,1,,,,2020,N,10,N-RO-1-F-10,F,Andreea,Andreea
RO,1,,,,2020,N,1,N-RO-1-M-1,M,David,David
RO,1,,,,2020,N,2,N-RO-1-M-2,M,Matei,Matei
RO,1,,,,2020,N,3,N-RO-1-M-3,M,Bogdan,Bogdan
RO,1,,,,2020,N,4,N-RO-1-M-4,M,Maxim,Maxim
RO,1,,,,2020,N,5,N-RO-1-M-5,M,Alexandru,Alexandru
RO,1,,,,2020,N,6,N-RO-1-M-6,M,Damian,Damian
RO,1,,,,2020,N,7,N-RO-1-M-7,M,Daniel,Daniel
RO,1,,,,2020,N,8,N-RO-1-M-8,M,Artiom,Artiom
RO,1,,,,2020,N,9,N-RO-1-M-9,M,Ion,Ion
RO,1,,,,2020,N,10,N-RO-1-M-10,M,Gabriel,Gabriel
RS,1,,,,2021,N,1,N-RS-1-F-1,F,Mia,Mia
RS,1,,,,2021,N,2,N-RS-1-F-2,F,Ema,Ema
RS,1,,,,2021,N,3,N-RS-1-F-3,F,Mila,Mila
RS,1,,,,2021,N,4,N-RS-1-F-4,F,Lara,Lara
RS,1,,,,2021,N,5,N-RS-1-F-5,F,Lina,Lina
RS,1,,,,2021,N,6,N-RS-1-F-6,F,Sofia,Sofia
RS,1,,,,2021,N,7,N-RS-1-F-7,F,Hana,Hana
RS,1,,,,2021,N,8,N-RS-1-F-8,F,Ana,Ana
RS,1,,,,2021,N,9,N-RS-1-F-9,F,Lea,Lea
RS,1,,,,2021,N,10,N-RS-1-F-10,F,Natalija,Natalija
RS,1,,,,2021,N,1,N-RS-1-M-1,M,Relja,Relja
RS,1,,,,2021,N,2,N-RS-1-M-2,M,Mateo,Mateo
RS,1,,,,2021,N,3,N-RS-1-M-3,M,Noa,Noa
RS,1,,,,2021,N,4,N-RS-1-M-4,M,Emil,Emil
RS,1,,,,2021,N,5,N-RS-1-M-5,M,Leon,Leon
RS,1,,,,2021,N,6,N-RS-1-M-6,M,Teo,Teo
RS,1,,,,2021,N,7,N-RS-1-M-7,M,Matija,Matija
RS,1,,,,2021,N,8,N-RS-1-M-8,M,Filip,Filip
RS,1,,,,2021,N,9,N-RS-1-M-9,M,Nikola,Nikola
RS,1,,,,2021,N,10,N-RS-1-M-10,M,Danijel,Danijel
RU,1,Kama region,Babies born,,2022,N,1,N-RU-1-F-1,F,Yeva,Yeva
RU,1,Kama region,Babies born,,2022,N,2,N-RU-1-F-2,F,Sofiya,Sofiya
RU,1,Kama region,Babies born,,2022,N,3,N-RU-1-F-3,F,Anna,Anna
RU,1,Kama region,Babies born,,2022,N,4,N-RU-1-F-4,F,Viktoriya,Viktoriya
RU,1,Kama region,Babies born,,2022,N,5,N-RU-1-F-5,F,Mariya,Mariya
RU,1,Kama region,Babies born,,2022,N,6,N-RU-1-F-6,F,Alisa,Alisa
RU,1,Kama region,Babies born,,2022,N,7,N-RU-1-F-7,F,Varvara,Varvara
RU,1,Kama region,Babies born,,2022,N,8,N-RU-1-F-8,F,Polina,Polina
RU,1,Kama region,Babies born,,2022,N,9,N-RU-1-F-9,F,Vasilisa,Vasilisa
RU,1,Kama region,Babies born,,2022,N,10,N-RU-1-F-10,F,Anastasiya,Anastasiya
RU,1,Kama region,Babies born,,2022,N,1,N-RU-1-M-1,M,Artem,Artem
RU,1,Kama region,Babies born,,2022,N,2,N-RU-1-M-2,M,Mikhail,Mikhail
RU,1,Kama region,Babies born,,2022,N,3,N-RU-1-M-3,M,Aleksandr,Aleksandr
RU,1,Kama region,Babies born,,2022,N,4,N-RU-1-M-4,M,Matvey,Matvey
RU,1,Kama region,Babies born,,2022,N,5,N-RU-1-M-5,M,Timofey,Timofey
RU,1,Kama region,Babies born,,2022,N,6,N-RU-1-M-6,M,Lev,Lev
RU,1,Kama region,Babies born,,2022,N,7,N-RU-1-M-7,M,Dmitry,Dmitry
RU,1,Kama region,Babies born,,2022,N,8,N-RU-1-M-8,M,Mark,Mark
RU,1,Kama region,Babies born,,2022,N,9,N-RU-1-M-9,M,Roman,Roman
RU,1,Kama region,Babies born,,2022,N,10,N-RU-1-M-10,M,Ivan,Ivan
SI,1,,,,2021,N,1,N-SI-1-F-1,F,Ema,Ema
SI,1,,,,2021,N,2,N-SI-1-F-2,F,Zala,Zala
SI,1,,,,2021,N,3,N-SI-1-F-3,F,Mia,Mia
SI,1,,,,2021,N,4,N-SI-1-F-4,F,Julija,Julija
SI,1,,,,2021,N,5,N-SI-1-F-5,F,Hana,Hana
SI,1,,,,2021,N,6,N-SI-1-F-6,F,Sofija,Sofija
SI,1,,,,2021,N,7,N-SI-1-F-7,F,Ajda,Ajda
SI,1,,,,2021,N,8,N-SI-1-F-8,F,Vita,Vita
SI,1,,,,2021,N,9,N-SI-1-F-9,F,Lana,Lana
SI,1,,,,2021,N,10,N-SI-1-F-10,F,Neža,Neža
SI,1,,,,2021,N,11,N-SI-1-F-11,F,Nika,Nika
SI,1,,,,2021,N,12,N-SI-1-F-12,F,Mila,Mila
SI,1,,,,2021,N,13,N-SI-1-F-13,F,Sara,Sara
SI,1,,,,2021,N,1,N-SI-1-M-1,M,Filip,Filip
SI,1,,,,2021,N,2,N-SI-1-M-2,M,Luka,Luka
SI,1,,,,2021,N,3,N-SI-1-M-3,M,Nik,Nik
SI,1,,,,2021,N,4,N-SI-1-M-4,M,Mark,Mark
SI,1,,,,2021,N,5,N-SI-1-M-5,M,Jakob,Jakob
SI,1,,,,2021,N,6,N-SI-1-M-6,M,Liam,Liam
SI,1,,,,2021,N,7,N-SI-1-M-7,M,Lan,Lan
SI,1,,,,2021,N,8,N-SI-1-M-8,M,Oskar,Oskar
SI,1,,,,2021,N,9,N-SI-1-M-9,M,Tim,Tim
SI,1,,,,2021,N,10,N-SI-1-M-10,M,Lovro,Lovro
SI,1,,,,2021,N,11,N-SI-1-M-11,M,Žan,Žan
SK,1,,,,2022,N,1,N-SK-1-F-1,F,Sofia,Sofia
SK,1,,,,2022,N,2,N-SK-1-F-2,F,Eliška,Eliška
SK,1,,,,2022,N,3,N-SK-1-F-3,F,Nina,Nina
SK,1,,,,2022,N,4,N-SK-1-F-4,F,Ema,Ema
SK,1,,,,2022,N,5,N-SK-1-F-5,F,Viktória,Viktória
SK,1,,,,2022,N,6,N-SK-1-F-6,F,Natália,Natália
SK,1,,,,2022,N,7,N-SK-1-F-7,F,Nela,Nela
SK,1,,,,2022,N,8,N-SK-1-F-8,F,Sára,Sára
SK,1,,,,2022,N,9,N-SK-1-F-9,F,Mia,Mia
SK,1,,,,2022,N,10,N-SK-1-F-10,F,Olivia,Olivia
SK,1,,,,2022,N,1,N-SK-1-M-1,M,Jakub,Jakub
SK,1,,,,2022,N,2,N-SK-1-M-2,M,Samuel,Samuel
SK,1,,,,2022,N,3,N-SK-1-M-3,M,Adam,Adam
SK,1,,,,2022,N,4,N-SK-1-M-4,M,Michal,Michal
SK,1,,,,2022,N,5,N-SK-1-M-5,M,Oliver,Oliver
SK,1,,,,2022,N,6,N-SK-1-M-6,M,Filip,Filip
SK,1,,,,2022,N,7,N-SK-1-M-7,M,Tomáš,Tomáš
SK,1,,,,2022,N,8,N-SK-1-M-8,M,Martin,Martin
SK,1,,,,2022,N,9,N-SK-1-M-9,M,Matej,Matej
SK,1,,,,2022,N,10,N-SK-1-M-10,M,Richard,Richard
SV,1,,,,2022,N,1,N-SV-1-F-1,F,Astrid,Astrid
SV,1,,,,2022,N,2,N-SV-1-F-2,F,Maja,Maja
SV,1,,,,2022,N,3,N-SV-1-F-3,F,Alma,Alma
SV,1,,,,2022,N,4,N-SV-1-F-4,F,Vera,Vera
SV,1,,,,2022,N,5,N-SV-1-F-5,F,Freja,Freja
SV,1,,,,2022,N,6,N-SV-1-F-6,F,Leah,Leah
SV,1,,,,2022,N,7,N-SV-1-F-7,F,Ella,Ella
SV,1,,,,2022,N,8,N-SV-1-F-8,F,Alice,Alice
SV,1,,,,2022,N,9,N-SV-1-F-9,F,Selma,Selma
SV,1,,,,2022,N,10,N-SV-1-F-10,F,Lilly,Lilly
SV,1,,,,2022,N,1,N-SV-1-M-1,M,William,William
SV,1,,,,2022,N,2,N-SV-1-M-2,M,Liam,Liam
SV,1,,,,2022,N,3,N-SV-1-M-3,M,Noah,Noah
SV,1,,,,2022,N,4,N-SV-1-M-4,M,Hugo,Hugo
SV,1,,,,2022,N,5,N-SV-1-M-5,M,Oliver,Oliver
SV,1,,,,2022,N,6,N-SV-1-M-6,M,Lucas,Lucas
SV,1,,,,2022,N,7,N-SV-1-M-7,M,Nils,Nils
SV,1,,,,2022,N,8,N-SV-1-M-8,M,Matteo,Matteo
SV,1,,,,2022,N,9,N-SV-1-M-9,M,Valter,Valter
SV,1,,,,2022,N,10,N-SV-1-M-10,M,August,August
TR,1,,,,2013,N,1,N-TR-1-F-1,F,Fatma,Fatma
TR,1,,,,2013,N,2,N-TR-1-F-2,F,Ayşe,Ayşe
TR,1,,,,2013,N,3,N-TR-1-F-3,F,Emine,Emine
TR,1,,,,2013,N,4,N-TR-1-F-4,F,Hatice,Hatice
TR,1,,,,2013,N,5,N-TR-1-F-5,F,Zeynep,Zeynep
TR,1,,,,2013,N,6,N-TR-1-F-6,F,Elif,Elif
TR,1,,,,2013,N,7,N-TR-1-F-7,F,Meryem,Meryem
TR,1,,,,2013,N,8,N-TR-1-F-8,F,Şerife,Şerife
TR,1,,,,2013,N,9,N-TR-1-F-9,F,Zehra,Zehra
TR,1,,,,2013,N,10,N-TR-1-F-10,F,Sultan,Sultan
TR,1,,,,2013,N,1,N-TR-1-M-1,M,Mehmet,Mehmet
TR,1,,,,2013,N,2,N-TR-1-M-2,M,Mustafa,Mustafa
TR,1,,,,2013,N,3,N-TR-1-M-3,M,Ahmet,Ahmet
TR,1,,,,2013,N,4,N-TR-1-M-4,M,Ali,Ali
TR,1,,,,2013,N,5,N-TR-1-M-5,M,Hüseyin,Hüseyin
TR,1,,,,2013,N,6,N-TR-1-M-6,M,Hasan,Hasan
TR,1,,,,2013,N,7,N-TR-1-M-7,M,Ibrahim,Ibrahim
TR,1,,,,2013,N,8,N-TR-1-M-8,M,İsmail,İsmail
TR,1,,,,2013,N,9,N-TR-1-M-9,M,Osman,Osman
TR,1,,,,2013,N,10,N-TR-1-M-10,M,Yusuf,Yusuf
TR,1,,Babies born,,2021,N,1,N-TR-1-F-1,F,Zeynep,Zeynep
TR,1,,Babies born,,2021,N,2,N-TR-1-F-2,F,Elif,Elif
TR,1,,Babies born,,2021,N,3,N-TR-1-F-3,F,Asel,Asel
TR,1,,Babies born,,2021,N,4,N-TR-1-F-4,F,Asya,Asya
TR,1,,Babies born,,2021,N,5,N-TR-1-F-5,F,Defne,Defne
TR,1,,Babies born,,2021,N,6,N-TR-1-F-6,F,Nehir,Nehir
TR,1,,Babies born,,2021,N,7,N-TR-1-F-7,F,Azra,Azra
TR,1,,Babies born,,2021,N,8,N-TR-1-F-8,F,Zümra,Zümra
TR,1,,Babies born,,2021,N,9,N-TR-1-F-9,F,Eylül,Eylül
TR,1,,Babies born,,2021,N,10,N-TR-1-F-10,F,Ecrin,Ecrin
TR,1,,Babies born,,2021,N,1,N-TR-1-M-1,M,Yusuf,Yusuf
TR,1,,Babies born,,2021,N,2,N-TR-1-M-2,M,Alparslan,Alparslan
TR,1,,Babies born,,2021,N,3,N-TR-1-M-3,M,Miraç,Miraç
TR,1,,Babies born,,2021,N,4,N-TR-1-M-4,M,Ömer Asaf,Ömer Asaf
TR,1,,Babies born,,2021,N,5,N-TR-1-M-5,M,Eymen,Eymen
TR,1,,Babies born,,2021,N,6,N-TR-1-M-6,M,Göktug,Göktug
TR,1,,Babies born,,2021,N,7,N-TR-1-M-7,M,Ömer,Ömer
TR,1,,Babies born,,2021,N,8,N-TR-1-M-8,M,Mustafa,Mustafa
TR,1,,Babies born,,2021,N,9,N-TR-1-M-9,M,Aras,Aras
TR,1,,Babies born,,2021,N,10,N-TR-1-M-10,M,Ali Asaf,Ali Asaf
UA,1,,,,2022,N,1,N-UA-1-F-1,F,Anna,Anna
UA,1,,,,2022,N,2,N-UA-1-F-2,F,Anastasiya,Anastasiya
UA,1,,,,2022,N,3,N-UA-1-F-3,F,Veronika,Veronika
UA,1,,,,2022,N,4,N-UA-1-F-4,F,Sofiya,Sofiya
UA,1,,,,2022,N,5,N-UA-1-F-5,F,Oleksandra,Oleksandra
UA,1,,,,2022,N,6,N-UA-1-F-6,F,Mariya,Mariya
UA,1,,,,2022,N,7,N-UA-1-F-7,F,Viktoriya,Viktoriya
UA,1,,,,2022,N,8,N-UA-1-F-8,F,Milana,Milana
UA,1,,,,2022,N,9,N-UA-1-F-9,F,Yeva,Yeva
UA,1,,,,2022,N,10,N-UA-1-F-10,F,Solomiya,Solomiya
UA,1,,,,2022,N,1,N-UA-1-M-1,M,Artem,Artem
UA,1,,,,2022,N,2,N-UA-1-M-2,M,Dmytro,Dmytro
UA,1,,,,2022,N,3,N-UA-1-M-3,M,Ivan,Ivan
UA,1,,,,2022,N,4,N-UA-1-M-4,M,Maksym,Maksym
UA,1,,,,2022,N,5,N-UA-1-M-5,M,Mykhaylo,Mykhaylo
UA,1,,,,2022,N,6,N-UA-1-M-6,M,Danylo,Danylo
UA,1,,,,2022,N,7,N-UA-1-M-7,M,Vladyslav,Vladyslav
UA,1,,,,2022,N,8,N-UA-1-M-8,M,Oleksandr,Oleksandr
UA,1,,,,2022,N,9,N-UA-1-M-9,M,Andriy,Andriy
US,1,,,,1990,N,1,N-US-1-F-1,F,Mary,Mary
US,1,,,,1990,N,2,N-US-1-F-2,F,Patricia,Patricia
US,1,,,,1990,N,3,N-US-1-F-3,F,Linda,Linda
US,1,,,,1990,N,4,N-US-1-F-4,F,Barbara,Barbara
US,1,,,,1990,N,5,N-US-1-F-5,F,Elizabeth,Elizabeth
US,1,,,,1990,N,6,N-US-1-F-6,F,Jennifer,Jennifer
US,1,,,,1990,N,7,N-US-1-F-7,F,Maria,Maria
US,1,,,,1990,N,8,N-US-1-F-8,F,Susan,Susan
US,1,,,,1990,N,9,N-US-1-F-9,F,Margaret,Margaret
US,1,,,,1990,N,10,N-US-1-F-10,F,Dorothy,Dorothy
US,1,,,Census,1990,N,1,N-US-1-M-1,M,James,James
US,1,,,Census,1990,N,2,N-US-1-M-2,M,John,John
US,1,,,Census,1990,N,3,N-US-1-M-3,M,Robert,Robert
US,1,,,Census,1990,N,4,N-US-1-M-4,M,Michael,Michael
US,1,,,Census,1990,N,5,N-US-1-M-5,M,William,William
US,1,,,Census,1990,N,6,N-US-1-M-6,M,David,David
US,1,,,Census,1990,N,7,N-US-1-M-7,M,Richard,Richard
US,1,,,Census,1990,N,8,N-US-1-M-8,M,Charles,Charles
US,1,,,Census,1990,N,9,N-US-1-M-9,M,Joseph,Joseph
US,1,,,Census,1990,N,10,N-US-1-M-10,M,Thomas,Thomas
US,1,,,,2022,N,1,N-US-1-F-1,F,Olivia,Olivia
US,1,,,,2022,N,2,N-US-1-F-2,F,Emma,Emma
US,1,,,,2022,N,3,N-US-1-F-3,F,Charlotte,Charlotte
US,1,,,,2022,N,4,N-US-1-F-4,F,Amelia,Amelia
US,1,,,,2022,N,5,N-US-1-F-5,F,Sophia,Sophia
US,1,,,,2022,N,6,N-US-1-F-6,F,Isabella,Isabella
US,1,,,,2022,N,7,N-US-1-F-7,F,Ava,Ava
US,1,,,,2022,N,8,N-US-1-F-8,F,Mia,Mia
US,1,,,,2022,N,9,N-US-1-F-9,F,Evelyn,Evelyn
US,1,,,,2022,N,10,N-US-1-F-10,F,Luna,Luna
US,1,,,,2022,N,1,N-US-1-M-1,M,Liam,Liam
US,1,,,,2022,N,2,N-US-1-M-2,M,Noah,Noah
US,1,,,,2022,N,3,N-US-1-M-3,M,Oliver,Oliver
US,1,,,,2022,N,4,N-US-1-M-4,M,James,James
US,1,,,,2022,N,5,N-US-1-M-5,M,Elijah,Elijah
US,1,,,,2022,N,6,N-US-1-M-6,M,William,William
US,1,,,,2022,N,7,N-US-1-M-7,M,Henry,Henry
US,1,,,,2022,N,8,N-US-1-M-8,M,Lucas,Lucas
US,1,,,,2022,N,9,N-US-1-M-9,M,Benjamin,Benjamin
US,1,,,,2022,N,10,N-US-1-M-10,M,Theodore,Theodore
BG,1,,,,2021,O,1,O-BG-1-F-1,F,Виктория,Viktoria
BG,1,,,,2021,O,2,O-BG-1-F-2,F,Мария,Maria
BG,1,,,,2021,O,3,O-BG-1-F-3,F,Никол,Nikol
BG,1,,,,2021,O,4,O-BG-1-F-4,F,Рая,Raya
BG,1,,,,2021,O,5,O-BG-1-F-5,F,София,Sofia
BG,1,,,,2021,O,6,O-BG-1-F-6,F,Йоана,Yoana
BG,1,,,,2021,O,7,O-BG-1-F-7,F,Дария,Dragana
BG,1,,,,2021,O,8,O-BG-1-F-8,F,Габриела,Gabriela
BG,1,,,,2021,O,9,O-BG-1-F-9,F,Александра,Aleksandra
BG,1,,,,2021,O,10,O-BG-1-F-10,F,Симона,Simona
BG,1,,,,2021,O,1,O-BG-1-M-1,M,Александър,Aleksandar
BG,1,,,,2021,O,2,O-BG-1-M-2,M,Георги,Georgi
BG,1,,,,2021,O,3,O-BG-1-M-3,M,Мартин,Martin
BG,1,,,,2021,O,4,O-BG-1-M-4,M,Калоян,Kaloyan
BG,1,,,,2021,O,5,O-BG-1-M-5,M,Борис,Boris
BG,1,,,,2021,O,6,O-BG-1-M-6,M,Димитър,Dimitar
BG,1,,,,2021,O,7,O-BG-1-M-7,M,Теодор,Teodor
BG,1,,,,2021,O,8,O-BG-1-M-8,M,Даниел,Daniel
BG,1,,,,2021,O,9,O-BG-1-M-9,M,Иван,Ivan
BG,1,,,,2021,O,10,O-BG-1-M-10,M,Никола,Nikola
BG,1,,,,2021,O,11,O-BG-1-M-11,M,Виктор,Viktor
CN,1,,,,2022,O,1,O-CN-1-F-1,F,若汐,Ruòxī
CN,1,,,,2022,O,2,O-CN-1-F-2,F,一诺,Yīnuò
CN,1,,,,2022,O,3,O-CN-1-F-3,F,艺涵,Yìhán
CN,1,,,,2022,O,4,O-CN-1-F-4,F,依诺,Yīnuò
CN,1,,,,2022,O,5,O-CN-1-F-5,F,梓涵,Zǐhán
CN,1,,,,2022,O,6,O-CN-1-F-6,F,苡沫,Yǐmò
CN,1,,,,2022,O,7,O-CN-1-F-7,F,雨桐,Yǔtóng
CN,1,,,,2022,O,8,O-CN-1-F-8,F,欣怡,Xīnyí
CN,1,,,,2022,O,9,O-CN-1-F-9,F,语桐,Yǔtóng
CN,1,,,,2022,O,10,O-CN-1-F-10,F,语汐,Yǔxī
CN,1,,,,2022,O,1,O-CN-1-M-1,M,沐宸,Mùchén
CN,1,,,,2022,O,2,O-CN-1-M-2,M,浩宇,Hàoyǔ
CN,1,,,,2022,O,3,O-CN-1-M-3,M,沐辰,Mùchén
CN,1,,,,2022,O,4,O-CN-1-M-4,M,茗泽,Míngzé
CN,1,,,,2022,O,5,O-CN-1-M-5,M,奕辰,Yìchén
CN,1,,,,2022,O,6,O-CN-1-M-6,M,宇泽,Yǔzé
CN,1,,,,2022,O,7,O-CN-1-M-7,M,浩然,Hàorán
CN,1,,,,2022,O,8,O-CN-1-M-8,M,奕泽,Yìzé
CN,1,,,,2022,O,9,O-CN-1-M-9,M,宇轩,Yǔxuān
CN,1,,,,2022,O,10,O-CN-1-M-10,M,沐阳,Mùyáng
GE,1,,,,2018,O,1,O-GE-1-F-1,F,მარიამი,Mariami
GE,1,,,,2018,O,2,O-GE-1-F-2,F,ნინო,Nino
GE,1,,,,2018,O,3,O-GE-1-F-3,F,ელენე,Elene
GE,1,,,,2018,O,4,O-GE-1-F-4,F,ბარბარე,Barbare
GE,1,,,,2018,O,5,O-GE-1-F-5,F,ლილე,Lile
GE,1,,,,2018,O,6,O-GE-1-F-6,F,ანასტასია,Anastasia
GE,1,,,,2018,O,7,O-GE-1-F-7,F,ნია,Nia
GE,1,,,,2018,O,8,O-GE-1-F-8,F,ნუცა,Nutsa
GE,1,,,,2018,O,9,O-GE-1-F-9,F,სესილი,Sesili
GE,1,,,,2018,O,10,O-GE-1-F-10,F,ანა,Ana
GE,1,,,,2018,O,1,O-GE-1-M-1,M,გაბრიელი,Gabriel
GE,1,,,,2018,O,2,O-GE-1-M-2,M,ანდრია,Andria
GE,1,,,,2018,O,3,O-GE-1-M-3,M,გიორგი,Giorgi
GE,1,,,,2018,O,4,O-GE-1-M-4,M,დავითი,Davit
GE,1,,,,2018,O,5,O-GE-1-M-5,M,ალექსანდრე,Aleksandre
GE,1,,,,2018,O,6,O-GE-1-M-6,M,ნიკოლოზი,Nikoloz
GE,1,,,,2018,O,7,O-GE-1-M-7,M,დემეტრე,Demetre
GE,1,,,,2018,O,8,O-GE-1-M-8,M,ლუკა,Luka
GE,1,,,,2018,O,9,O-GE-1-M-9,M,დანიელ,Daniel
GE,1,,,,2018,O,10,O-GE-1-M-10,M,მათე,Gabor
GR,1,,,,2010,O,1,O-GR-1-F-1,F,Μαρία,Maria
GR,1,,,,2010,O,2,O-GR-1-F-2,F,Ελένη,Eleni
GR,1,,,,2010,O,3,O-GR-1-F-3,F,Αικατερίνη,Aikaterini
GR,1,,,,2010,O,4,O-GR-1-F-4,F,Βασιλική,Vasiliki
GR,1,,,,2010,O,5,O-GR-1-F-5,F,Σοφία,Sophia
GR,1,,,,2010,O,6,O-GR-1-F-6,F,Αγγελική,Angeliki
GR,1,,,,2010,O,7,O-GR-1-F-7,F,Giorgia,Georgia
GR,1,,,,2010,O,8,O-GR-1-F-8,F,Γεωργία,Gogo
GR,1,,,,2010,O,9,O-GR-1-F-9,F,Δήμητρα,Dimitra
GR,1,,,,2010,O,10,O-GR-1-F-10,F,Κωνσταντίνα,Konstantina
GR,1,,,,2010,O,11,O-GR-1-F-11,F,Παρασκευή,Paraskevi
GR,1,,,,2010,O,1,O-GR-1-M-1,M,Γεώργιος,Georgios
GR,1,,,,2010,O,2,O-GR-1-M-2,M,Ιωάννης,Ioannis
GR,1,,,,2010,O,3,O-GR-1-M-3,M,Κωνσταντίνος,Konstantinos
GR,1,,,,2010,O,4,O-GR-1-M-4,M,Δημήτριος,Dimitrios
GR,1,,,,2010,O,5,O-GR-1-M-5,M,Νικόλαος,Nikolaos
GR,1,,,,2010,O,6,O-GR-1-M-6,M,Παναγιώτης,Panagiotis
GR,1,,,,2010,O,7,O-GR-1-M-7,M,Βασίλειος,Vasileios
GR,1,,,,2010,O,8,O-GR-1-M-8,M,Χρήστος,Christos
GR,1,,,,2010,O,9,O-GR-1-M-9,M,Αθανάσιος,Athanasios
GR,1,,,,2010,O,10,O-GR-1-M-10,M,Μιχαήλ,Michail
KR,1,,,,2019,O,1,O-KR-1-F-1,F,지안,Ji-an
KR,1,,,,2019,O,2,O-KR-1-F-2,F,하윤,Ha-yoon
KR,1,,,,2019,O,3,O-KR-1-F-3,F,서아,Seo-ah
KR,1,,,,2019,O,4,O-KR-1-F-4,F,하은,Ha-eun
KR,1,,,,2019,O,5,O-KR-1-F-5,F,서윤,Seo-yun
KR,1,,,,2019,O,6,O-KR-1-F-6,F,하린,Ha-rin
KR,1,,,,2019,O,7,O-KR-1-F-7,F,지유,Ji-yoo
KR,1,,,,2019,O,8,O-KR-1-F-8,F,지우,Ji-woo
KR,1,,,,2019,O,9,O-KR-1-F-9,F,수아,Soo-ah
KR,1,,,,2019,O,10,O-KR-1-F-10,F,지아,Ji-a
KR,1,,,,2019,O,1,O-KR-1-M-1,M,서준,Seo-jun
KR,1,,,,2019,O,2,O-KR-1-M-2,M,하준,Ha-joon
KR,1,,,,2019,O,3,O-KR-1-M-3,M,도윤,Do-yun
KR,1,,,,2019,O,4,O-KR-1-M-4,M,은우,Eun-woo
KR,1,,,,2019,O,5,O-KR-1-M-5,M,시우,Si-woo
KR,1,,,,2019,O,6,O-KR-1-M-6,M,지호,Ji-ho
KR,1,,,,2019,O,7,O-KR-1-M-7,M,예준,Ye-jun
KR,1,,,,2019,O,8,O-KR-1-M-8,M,유준,Yu-jun
KR,1,,,,2019,O,9,O-KR-1-M-9,M,주원,Ju-won
KR,1,,,,2019,O,10,O-KR-1-M-10,M,민준,Min-jun
KZ,1,,,,2021,O,1,O-KZ-1-F-1,F,Медина,Mädïna
KZ,1,,,,2021,O,2,O-KZ-1-F-2,F,Айлин,Aylin
KZ,1,,,,2021,O,3,O-KZ-1-F-3,F,Асылым,Asilim
KZ,1,,,,2021,O,4,O-KZ-1-F-4,F,Айша,Ayşa
KZ,1,,,,2021,O,5,O-KZ-1-F-5,F,Раяна,Rayana
KZ,1,,,,2021,O,6,O-KZ-1-F-6,F,Аяла,Ayala
KZ,1,,,,2021,O,7,O-KZ-1-F-7,F,Айзере,Ayzere
KZ,1,,,,2021,O,8,O-KZ-1-F-8,F,Амина,Amina
KZ,1,,,,2021,O,9,O-KZ-1-F-9,F,Томирис,Tomyris
KZ,1,,,,2021,O,10,O-KZ-1-F-10,F,Айым,Ayim
KZ,1,,,,2021,O,1,O-KZ-1-M-1,M,Алихан,Alikhan
KZ,1,,,,2021,O,2,O-KZ-1-M-2,M,Айсұлтан,Aisultan
KZ,1,,,,2021,O,3,O-KZ-1-M-3,M,Нұрислам,Nurislam
KZ,1,,,,2021,O,4,O-KZ-1-M-4,M,Алдияр,Aldiyar
KZ,1,,,,2021,O,5,O-KZ-1-M-5,M,Амир,Amir
KZ,1,,,,2021,O,6,O-KZ-1-M-6,M,Алинұр,Alinur
KZ,1,,,,2021,O,7,O-KZ-1-M-7,M,Әли,Ali
KZ,1,,,,2021,O,8,O-KZ-1-M-8,M,Омар,Omar
KZ,1,,,,2021,O,9,O-KZ-1-M-9,M,Рамада́н,Ramazan
KZ,1,,,,2021,O,10,O-KZ-1-M-10,M,Мұхаммед,Muhammed
ME,1,,General population,,2011,O,1,O-ME-1-F-1,F,Јелена,Jelena
ME,1,,General population,,2011,O,2,O-ME-1-F-2,F,Милица,Milica
ME,1,,General population,,2011,O,3,O-ME-1-F-3,F,Марија,Marija
ME,1,,General population,,2011,O,4,O-ME-1-F-4,F,Ивана,Ivana
ME,1,,General population,,2011,O,5,O-ME-1-F-5,F,Милена,Milena
ME,1,,General population,,2011,O,6,O-ME-1-F-6,F,Ана,Ana
ME,1,,General population,,2011,O,7,O-ME-1-F-7,F,Драгана,Dragana
ME,1,,General population,,2011,O,8,O-ME-1-F-8,F,Радмила,Radmila
ME,1,,General population,,2011,O,9,O-ME-1-F-9,F,Весна,Vesna
ME,1,,General population,,2011,O,10,O-ME-1-F-10,F,Љиљана,Ljiljana
ME,1,,General population,,2011,O,1,O-ME-1-M-1,M,Никола,Nikola
ME,1,,General population,,2011,O,2,O-ME-1-M-2,M,Марко,Marko
ME,1,,General population,,2011,O,3,O-ME-1-M-3,M,Драган,Dragan
ME,1,,General population,,2011,O,4,O-ME-1-M-4,M,Милош,Miloš
ME,1,,General population,,2011,O,5,O-ME-1-M-5,M,Зоран,Zoran
ME,1,,General population,,2011,O,6,O-ME-1-M-6,M,Милан,Milan
ME,1,,General population,,2011,O,7,O-ME-1-M-7,M,Александар,Aleksandar
ME,1,,General population,,2011,O,8,O-ME-1-M-8,M,Иван,Ivan
ME,1,,General population,,2011,O,9,O-ME-1-M-9,M,Петар,Petar
ME,1,,General population,,2011,O,10,O-ME-1-M-10,M,Лука,Luka
MK,1,,,,2021,O,1,O-MK-1-F-1,F,Јана,Jana
MK,1,,,,2021,O,2,O-MK-1-F-2,F,Софија,Sofija
MK,1,,,,2021,O,4,O-MK-1-F-4,F,Мила,Mila
MK,1,,,,2021,O,5,O-MK-1-F-5,F,Хана,Hana
MK,1,,,,2021,O,6,O-MK-1-F-6,F,Бисера,Bisera
MK,1,,,,2021,O,7,O-MK-1-F-7,F,Сара,Sara
MK,1,,,,2021,O,8,O-MK-1-F-8,F,Јована,Jovana
MK,1,,,,2021,O,9,O-MK-1-F-9,F,Ева,Eva
MK,1,,,,2021,O,10,O-MK-1-F-10,F,Дарија,Darija
MK,1,,,,2021,O,1,O-MK-1-M-1,M,Лука,Luka
MK,1,,,,2021,O,2,O-MK-1-M-2,M,Дамјан,Damjan
MK,1,,,,2021,O,3,O-MK-1-M-3,M,Михаил,Mihail
MK,1,,,,2021,O,4,O-MK-1-M-4,M,Марко,Marko
MK,1,,,,2021,O,5,O-MK-1-M-5,M,Јован,Jovan
MK,1,,,,2021,O,6,O-MK-1-M-6,M,Давид,David
MK,1,,,,2021,O,7,O-MK-1-M-7,M,Jakob,Jakov
MK,1,,,,2021,O,8,O-MK-1-M-8,M,Петар,Petar
MK,1,,,,2021,O,9,O-MK-1-M-9,M,Матеј,Matej
MK,1,,,,2021,O,10,O-MK-1-M-10,M,Стефан,Stefan
RS,1,,General population,,2011,O,1,O-RS-1-F-1,F,Милица,Milica
RS,1,,General population,,2011,O,2,O-RS-1-F-2,F,Јелена,Jelena
RS,1,,General population,,2011,O,3,O-RS-1-F-3,F,Марија,Marija
RS,1,,General population,,2011,O,4,O-RS-1-F-4,F,Мирјана,Mirjana
RS,1,,General population,,2011,O,5,O-RS-1-F-5,F,Драгана,Dragana
RS,1,,General population,,2011,O,6,O-RS-1-F-6,F,Снежана,Snežana
RS,1,,General population,,2011,O,7,O-RS-1-F-7,F,Љиљана,Ljiljana
RS,1,,General population,,2011,O,8,O-RS-1-F-8,F,Ивана,Ivana
RS,1,,General population,,2011,O,9,O-RS-1-F-9,F,Ана,Ana
RS,1,,General population,,2011,O,10,O-RS-1-F-10,F,Гордана,Gordana
RS,1,,General population,,2011,O,1,O-RS-1-M-1,M,Драган,Dragan
RS,1,,General population,,2011,O,2,O-RS-1-M-2,M,Милан,Milan
RS,1,,General population,,2011,O,3,O-RS-1-M-3,M,Александар,Aleksandar
RS,1,,General population,,2011,O,4,O-RS-1-M-4,M,Зоран,Zoran
RS,1,,General population,,2011,O,5,O-RS-1-M-5,M,Никола,Nikola
RS,1,,General population,,2011,O,6,O-RS-1-M-6,M,Милош,Miloš
RS,1,,General population,,2011,O,7,O-RS-1-M-7,M,Марко,Marko
RS,1,,General population,,2011,O,8,O-RS-1-M-8,M,Горан,Goran
RS,1,,General population,,2011,O,9,O-RS-1-M-9,M,Душан,Dušan
RS,1,,General population,,2011,O,10,O-RS-1-M-10,M,Дејан,Dejan
RU,1,,,Official civil registry figures,2012,O,1,O-RU-1-F-1,F,Анастасия,Anastasia
RU,1,,,Official civil registry figures,2012,O,2,O-RU-1-F-2,F,Елена,Yelena
RU,1,,,Official civil registry figures,2012,O,3,O-RU-1-F-3,F,Ольга,Olga
RU,1,,,Official civil registry figures,2012,O,4,O-RU-1-F-4,F,Наталья,Natalia
RU,1,,,Official civil registry figures,2012,O,5,O-RU-1-F-5,F,Екатерина,Yekaterina
RU,1,,,Official civil registry figures,2012,O,6,O-RU-1-F-6,F,Анна,Anna
RU,1,,,Official civil registry figures,2012,O,7,O-RU-1-F-7,F,Татьяна,Tatiana
RU,1,,,Official civil registry figures,2012,O,8,O-RU-1-F-8,F,Мария,Maria
RU,1,,,Official civil registry figures,2012,O,9,O-RU-1-F-9,F,Ирина,Irina
RU,1,,,Official civil registry figures,2012,O,10,O-RU-1-F-10,F,Юлия,Yulia
RU,1,,,Official civil registry figures,2012,O,1,O-RU-1-M-1,M,Александр,Alexander
RU,1,,,Official civil registry figures,2012,O,2,O-RU-1-M-2,M,Сергей,Sergei
RU,1,,,Official civil registry figures,2012,O,3,O-RU-1-M-3,M,Дмитрий,Dmitry
RU,1,,,Official civil registry figures,2012,O,4,O-RU-1-M-4,M,Андрей,Andrei
RU,1,,,Official civil registry figures,2012,O,5,O-RU-1-M-5,M,Алексей,Alexey
RU,1,,,Official civil registry figures,2012,O,6,O-RU-1-M-6,M,Максим,Maxim
RU,1,,,Official civil registry figures,2012,O,7,O-RU-1-M-7,M,Евгений,Evgeny
RU,1,,,Official civil registry figures,2012,O,8,O-RU-1-M-8,M,Иван,Ivan
RU,1,,,Official civil registry figures,2012,O,9,O-RU-1-M-9,M,Михаил,Mikhail
RU,1,,,Official civil registry figures,2012,O,10,O-RU-1-M-10,M,Артём,Artyom
RU,2,Moscow,Babies born,Official civil registry figures,2021,O,1,O-RU-2-F-1,F,София,Sofiya
RU,2,Moscow,Babies born,Official civil registry figures,2021,O,2,O-RU-2-F-2,F,Мария,Mariya
RU,2,Moscow,Babies born,Official civil registry figures,2021,O,3,O-RU-2-F-3,F,Анна,Anna
RU,2,Moscow,Babies born,Official civil registry figures,2021,O,4,O-RU-2-F-4,F,Алиса,Alisa
RU,2,Moscow,Babies born,Official civil registry figures,2021,O,5,O-RU-2-F-5,F,Ева,Eva
RU,2,Moscow,Babies born,Official civil registry figures,2021,O,6,O-RU-2-F-6,F,Виктория,Viktoriya
RU,2,Moscow,Babies born,Official civil registry figures,2021,O,7,O-RU-2-F-7,F,Полина,Polina
RU,2,Moscow,Babies born,Official civil registry figures,2021,O,8,O-RU-2-F-8,F,Александра,Alexandra
RU,2,Moscow,Babies born,Official civil registry figures,2021,O,9,O-RU-2-F-9,F,Елизавета,Elizaveta
RU,2,Moscow,Babies born,Official civil registry figures,2021,O,10,O-RU-2-F-10,F,Варвара,Varvara
RU,2,Moscow,Babies born,Official civil registry figures,2021,O,1,O-RU-2-M-1,M,Александр,Alexander
RU,2,Moscow,Babies born,Official civil registry figures,2021,O,2,O-RU-2-M-2,M,Михаил,Mikhail
RU,2,Moscow,Babies born,Official civil registry figures,2021,O,3,O-RU-2-M-3,M,Максим,Maxim
RU,2,Moscow,Babies born,Official civil registry figures,2021,O,4,O-RU-2-M-4,M,Лев,Lev
RU,2,Moscow,Babies born,Official civil registry figures,2021,O,5,O-RU-2-M-5,M,Артём,Artyom
RU,2,Moscow,Babies born,Official civil registry figures,2021,O,6,O-RU-2-M-6,M,Марк,Mark
RU,2,Moscow,Babies born,Official civil registry figures,2021,O,7,O-RU-2-M-7,M,Иван,Ivan
RU,2,Moscow,Babies born,Official civil registry figures,2021,O,8,O-RU-2-M-8,M,Дмитрий,Dmitry
RU,2,Moscow,Babies born,Official civil registry figures,2021,O,9,O-RU-2-M-9,M,Матвей,Matvey
RU,2,Moscow,Babies born,Official civil registry figures,2021,O,10,O-RU-2-M-10,M,Даниил,Daniil
TW,1,,,Census,2010,O,1,O-TW-1-F-1,F,淑芬,Shu-fen
TW,1,,,Census,2010,O,2,O-TW-1-F-2,F,淑惠,Shu-hui
TW,1,,,Census,2010,O,3,O-TW-1-F-3,F,美玲,Mei-ling
TW,1,,,Census,2010,O,4,O-TW-1-F-4,F,雅婷,Ya-ting
TW,1,,,Census,2010,O,5,O-TW-1-F-5,F,美惠,Mei-hui
TW,1,,,Census,2010,O,6,O-TW-1-F-6,F,麗華,Li-hua
TW,1,,,Census,2010,O,7,O-TW-1-F-7,F,淑娟,Shu-chuan
TW,1,,,Census,2010,O,8,O-TW-1-F-8,F,淑貞,Shu-chen
TW,1,,,Census,2010,O,9,O-TW-1-F-9,F,怡君,I-chun
TW,1,,,Census,2010,O,10,O-TW-1-F-10,F,淑華,Shu-hua
TW,1,,,Census,2010,O,1,O-TW-1-M-1,M,家豪,Chia-hao
TW,1,,,Census,2010,O,2,O-TW-1-M-2,M,志明,Chih-ming
TW,1,,,Census,2010,O,3,O-TW-1-M-3,M,俊傑,Chun-chieh
TW,1,,,Census,2010,O,4,O-TW-1-M-4,M,建宏,Chien-hung
TW,1,,,Census,2010,O,5,O-TW-1-M-5,M,俊宏,Chun-hung
TW,1,,,Census,2010,O,6,O-TW-1-M-6,M,志豪,Chih-hao
TW,1,,,Census,2010,O,7,O-TW-1-M-7,M,志偉,Chih-wei
TW,1,,,Census,2010,O,8,O-TW-1-M-8,M,文雄,Wen-Hsiung
TW,1,,,Census,2010,O,9,O-TW-1-M-9,M,金龍,Chin-lung
TW,1,,,Census,2010,O,10,O-TW-1-M-10,M,志強,Chih-chiang
JP,1,,,,2022,M,1,M-JP-1-M-1,M,蒼,Aoi
JP,1,,,,2022,M,1,M-JP-1-M-1,M,蒼,Sō
JP,1,,,,2022,M,1,M-JP-1-M-1,M,蒼,Ao
JP,1,,,,2022,M,2,M-JP-1-M-2,M,凪,Nagi
JP,1,,,,2022,M,2,M-JP-1-M-2,M,凪,Nagisa
JP,1,,,,2022,M,3,M-JP-1-M-3,M,蓮,Ren
JP,1,,,,2022,M,4,M-JP-1-M-4,M,陽翔,Haruto
JP,1,,,,2022,M,4,M-JP-1-M-4,M,陽翔,Hinato
JP,1,,,,2022,M,5,M-JP-1-M-5,M,湊,Minato
JP,1,,,,2022,M,6,M-JP-1-M-6,M,颯真,Sōma
JP,1,,,,2022,M,6,M-JP-1-M-6,M,颯真,Fūma
JP,1,,,,2022,M,7,M-JP-1-M-7,M,碧,Ao
JP,1,,,,2022,M,7,M-JP-1-M-7,M,碧,Aoi
JP,1,,,,2022,M,8,M-JP-1-M-8,M,樹,Itsuki
JP,1,,,,2022,M,8,M-JP-1-M-8,M,樹,Tatsuki
JP,1,,,,2022,M,9,M-JP-1-M-9,M,大和,Yamato
JP,1,,,,2022,M,10,M-JP-1-M-10,M,悠真,Yūma
JP,1,,,,2022,M,10,M-JP-1-M-10,M,悠真,Haruma
JP,1,,,,2022,M,11,M-JP-1-M-11,M,暖,Dan
JP,1,,,,2022,M,11,M-JP-1-M-11,M,暖,Haru
JP,1,,,,2022,M,1,M-JP-1-F-1,F,陽葵,Himari
JP,1,,,,2022,M,1,M-JP-1-F-1,F,陽葵,Hinata
JP,1,,,,2022,M,1,M-JP-1-F-1,F,陽葵,Hina
JP,1,,,,2022,M,2,M-JP-1-F-2,F,凛,Rin
JP,1,,,,2022,M,3,M-JP-1-F-3,F,詩,Uta
JP,1,,,,2022,M,4,M-JP-1-F-4,F,陽菜,Hina
JP,1,,,,2022,M,4,M-JP-1-F-4,F,陽菜,Haruna
JP,1,,,,2022,M,5,M-JP-1-F-5,F,結菜,Yuina
JP,1,,,,2022,M,5,M-JP-1-F-5,F,結菜,Yuna
JP,1,,,,2022,M,5,M-JP-1-F-5,F,結菜,Yūna
JP,1,,,,2022,M,6,M-JP-1-F-6,F,杏,An
JP,1,,,,2022,M,6,M-JP-1-F-6,F,杏,Anzu
JP,1,,,,2022,M,7,M-JP-1-F-7,F,澪,Mio
JP,1,,,,2022,M,7,M-JP-1-F-7,F,澪,Rei
JP,1,,,,2022,M,8,M-JP-1-F-8,F,結愛,Yua
JP,1,,,,2022,M,9,M-JP-1-F-9,F,芽依,Mei
JP,1,,,,2022,M,10,M-JP-1-F-10,F,莉子,Riko
JP,1,,,,2022,M,11,M-JP-1-F-11,F,さくら,Sakura
JP,1,,,,2022,M,12,M-JP-1-F-12,F,咲茉,Ema
